title	user	upload_time	number_of_play	number of comment	like	repost
GIRIBOY (Í∏∞Î¶¨Î≥¥Ïù¥) - ÎÇ¥ÏùºÏùÄ ÏóÜÎã§ (Feat. lIlBOI, nafla) (No Tomorrow)	L2Share‚ô´140	15 days ago	45,911 plays	23 comments	1,246	16
GIRIBOY (Í∏∞Î¶¨Î≥¥Ïù¥) - Ïö∞Î¶∞ Í≤∞Íµ≠ Í∑∏Î†áÍ≤å (Feat. Seori) (That's How We Ended Up)	L2Share‚ô´140	15 days ago	31,575 plays	13 comments	992	8
GIRIBOY (Í∏∞Î¶¨Î≥¥Ïù¥) - ÏóâÎßùÏßÑÏ∞Ω (What A Mess)	L2Share‚ô´140	15 days ago	58,127 plays	10 comments	1,948	11
GIRIBOY (Í∏∞Î¶¨Î≥¥Ïù¥) - Í∑∏Î¶¨Í≥† ÎèåÏïÑÏÑ∞Îã§ (You Turned Around)	L2Share‚ô´140	15 days ago	22,788 plays	4 comments	832	10
NCT 127 - Sticker	L2Share‚ô´140	1 month ago	285,815 plays	236 comments	8,054	86
NCT 127 - Lemonade	L2Share‚ô´140	1 month ago	216,142 plays	119 comments	6,429	59
MAMAMOO (ÎßàÎßàÎ¨¥) - ÌïòÎäò ÎïÖ Î∞îÎã§ÎßåÌÅº (mumumumuch)	L2Share‚ô´140	1 month ago	56,902 plays	35 comments	1,367	29
MAMAMOO (ÎßàÎßàÎ¨¥) - Happier than Ever (Î∂ÑÎ™Ö Ïö∞Î¶∞ Í∑∏Îïê Ï¢ãÏïòÏóàÏñ¥)	L2Share‚ô´140	1 month ago	18,854 plays	2 comments	398	12
Han Yo Han (ÌïúÏöîÌïú) - Ïù¥Í≤å ÎÇòÏïº (Feat. CHANGMO (Ï∞ΩÎ™®)) (This Is Me)	L2Share‚ô´140	1 month ago	100,597 plays	17 comments	1,842	18
Lee Mujin (Ïù¥Î¨¥ÏßÑ) - Í∞ÄÏùÑ ÌÉÄÎÇò Î¥ê (Fall in Fall)	L2Share‚ô´140	1 month ago	198,920 plays	30 comments	4,574	41
3107-3 ( Cover by Mickey & Thuy An )	ƒê·∫∑ng Gia Linh	2 months ago	25,425 plays	18 comments	97	31
T√¨nh ƒê∆°n Ph∆∞∆°ng Nguy√™n Ft. KOO	ƒê·∫∑ng Gia Linh	3 months ago	812,367 plays	69 comments	7,022	185
Chi·ªÅu nay kh√¥ng c√≥ m∆∞a bay - Cover	ƒê·∫∑ng Gia Linh	3 months ago	5,282 plays	12 comments	69	45
3107 cover (demo )	ƒê·∫∑ng Gia Linh	4 months ago	3,794 plays	13 comments	66	42
Obito Ft. Hnhngan Live YOUR SMILE - Emma X Seachains X Obito	ƒê·∫∑ng Gia Linh	6 months ago	5,815,928 plays	695 comments	52.4K	1,486
Th√≥i Quen- Ho√†ng D≈©ng	ƒê·∫∑ng Gia Linh	9 months ago	36,382 plays	2 comments	345	10
CH√öNG TA C·ª¶A HI·ªÜN T·∫†I l S∆†N T√ôNG MT-P ( nguy√™n. cover )	ƒê·∫∑ng Gia Linh	10 months ago	82,951 plays	5 comments	480	21
N√†ng Th∆° - Ho√†ng D≈©ng ( Nguy√™n. Cover )	ƒê·∫∑ng Gia Linh	1 year ago	4,229 plays	1 comment	45	0
Chi·∫øc KhƒÉn Gi√≥ ·∫§m - Nguy·ªÖn H·∫£i V√¢n (Cover)	ƒê·∫∑ng Gia Linh	1 year ago	2,032 plays	1 comment	31	1
ƒê·ª´ng V√¨ Anh M√† Kh√≥c - Quang H√πng MasterD ( Nguy√™n. Cover )	ƒê·∫∑ng Gia Linh	1 year ago	591,298 plays	72 comments	3,104	81
Crush 2 - W/n ft ( Tez, Tien )	W/n	1 year ago	1,850,610 plays	332 comments	21.6K	705
JUSTATEE | dlyen ( W/n X POTATO MIX )	W/n	2 years ago	158,670 plays	33 comments	1,934	85
i love you 3000 (W/n Remix)	W/n	2 years ago	342,431 plays	85 comments	3,841	183
Crush - W/n (ft An An & Vani)	W/n	2 years ago	334,867 plays	49 comments	4,667	142
Simple love - obito (W/n Remix)	W/n	2 years ago	6,370,816 plays	1,842 comments	55.8K	3,663
TI√äN TI√äN x TOULIVER - EM KH√îNG TH·ªÇ ( W/n REMIX)	W/n	3 years ago	71,319 plays	21 comments	968	59
The Kid LAROI, Justin Bieber - STAY (Hyan Remix)	Hyan	1 month ago	223 plays	223 plays	4	0
The Kid LAROI, Justin Bieber - STAY REMIX HYAN	Hyan	1 month ago	259 plays	3 comments	2	1
Dancing With Your Ghost	Hyan	1 month ago	1,078 plays	1,078 plays	13	0
Sign Of The Time	Hyan	1 month ago	140 plays	140 plays	6	0
xam 3	Hyan	11 months ago	1,250 plays	1 comment	24	2
Nhac xam 2	Hyan	11 months ago	343 plays	1 comment	4	0
Xam Lol 3	Hyan	1 year ago	696 plays	696 plays	9	0
shapeHyan4	Hyan	1 year ago	951 plays	9 comments	18	2
2.8	Hyan	1 year ago	608 plays	608 plays	7	0
la la la :))	Hyan	1 year ago	844 plays	1 comment	6	0
chuyen rang	k√≥t	11 months ago	6,322 plays	4 comments	74	4
love 1216	k√≥t	1 year ago	28,740 plays	12 comments	353	13
khong lam gi	k√≥t	1 year ago	2,694 plays	2 comments	54	2
ru minh	k√≥t	1 year ago	1,745 plays	2 comments	30	1
mai	k√≥t	1 year ago	5,317 plays	9 comments	91	5
em co chac khong?	k√≥t	1 year ago	41,305 plays	23 comments	588	28
the gioi cua em	k√≥t	1 year ago	2,922 plays	1 comment	35	2
xanh	k√≥t	2 years ago	2,583 plays	3 comments	43	1
friendzonesong	k√≥t	2 years ago	1,337 plays	14 comments	17	0
tang em mot cay son de em to hong duyen	k√≥t	2 years ago	14,607 plays	4 comments	152	10
M·ªôt ƒëo·∫°n h·ªôi tho·∫°i	T√°o	28 days ago	10,912 plays	21 comments	297	18
M·ªông M·ªã with BƒÉng Ch·ª£ Qu√°n	T√°o	4 months ago	21,271 plays	12 comments	202	13
[Note] Kh√¥ng ph·∫£i c·ª©...	T√°o	3 years ago	739,057 plays	257 comments	8,028	682
[Note] C√≥ m·ªôt kho·∫£ng th·ªùi gian	T√°o	4 years ago	637,493 plays	182 comments	6,679	726
Voice memory 20170908202928	T√°o	4 years ago	201,776 plays	24 comments	1,660	208
B√¨nh Minh - T√°o ( Remaster & solo version)	T√°o	4 years ago	192,389 plays	19 comments	2,041	221
[Official] Ch·∫øt - T√°o	T√°o	4 years ago	329,003 plays	46 comments	3,647	431
[Single] 2 5 - T√°o	T√°o	4 years ago	3,524,876 plays	303 comments	33.5K	2,836
Ai ti·∫øp theo ? - Megalomaniac	T√°o	5 years ago	244,975 plays	101 comments	2,212	253
V·∫´n. - T√°o	T√°o	5 years ago	1,834,456 plays	161 comments	16.3K	1,282
7. Incommensurabel (remix) Ft. Samoerai	Low G	3 years ago	6,577 plays	3 comments	85	5
Beeldspraak	Low G	3 years ago	19,773 plays	20 comments	232	20
West Vlamsche cypher	Low G	3 years ago	2,538 plays	2 comments	39	4
De Kelder	Low G	6 years ago	5,860 plays	11 comments	103	13
Onionn. x marzuz - V√Ä TH·∫æ GI·ªöI ƒê√É M·∫§T ƒêI M·ªòT NG∆Ø·ªúI C√î ƒê∆†N	marzuz	3 years ago	5,101,891 plays	384 comments	51.7K	3,252
Onionn. x marzuz - 3 PH√öT	marzuz	4 years ago	772,851 plays	108 comments	10.2K	1,136
ilysb (with Haley)	marzuz	4 years ago	492,256 plays	67 comments	7,451	1,145
Onionn. x marzuz - N·∫æU	marzuz	5 years ago	1,611,581 plays	283 comments	20.2K	3,162
2:g√¨ƒë·∫•y; ti·∫øng r√® r√®; h∆°i bu·ªìn ng·ªß	marzuz	5 years ago	146,821 plays	13 comments	1,877	181
Mine;	marzuz	5 years ago	92,093 plays	20 comments	1,190	173
Somebody Else.	marzuz	5 years ago	202,623 plays	12 comments	2,696	344
NK' x marzuz - Furnish	marzuz	5 years ago	141,274 plays	39 comments	1,854	448
Mai,	marzuz	5 years ago	2,133,081 plays	586 comments	23.3K	3,110
M∆°.	marzuz	5 years ago	1,548,108 plays	183 comments	19.3K	2,115
B√†i n√†y th√¨ ƒë·∫∑t t√™n l√† c√°i m·∫π g√¨? - MAI (ft. Stoxic) DEMO	MAI	1 year ago	168,779 plays	130 comments	2,545	90
Chia Tay Vui Hon Demo (ft NHO)	MAI	1 year ago	85,278 plays	44 comments	1,195	53
B·∫£n t√¨nh ca d·∫°i trai (Demo)	MAI	1 year ago	22,201 plays	10 comments	356	9
Demons	MAI	2 years ago	5,868 plays	1 comment	106	4
Brands.mp3	MAI	2 years ago	23,568 plays	8 comments	420	45
GMAJ7	MAI	3 years ago	12,293 plays	5 comments	191	12
[ M.A.D PLAYLIST ] T·ªïng h·ª£p Live Session m√†u ƒê√îNG	M.A.D Production	1 month ago	3,823 plays	1 comment	149	3
[ M.A.D PLAYLIST ] T·ªïng h·ª£p Live Session m√†u THU	M.A.D Production	1 month ago	3,606 plays	3 comments	151	6
[ M.A.D PLAYLIST ] T·ªïng h·ª£p Live Session m√†u H·∫†	M.A.D Production	1 month ago	2,402 plays	2,402 plays	107	1
[ M.A.D PLAYLIST ] T·ªïng h·ª£p Live Session m√†u XU√ÇN	M.A.D Production	1 month ago	2,583 plays	1 comment	125	3
N·∫øu Nh∆∞ L√† ƒê·ªãnh M·ªánh - Ho√†i L√¢m ft Binz	Binz Da Poet	4 years ago	1,669,152 plays	143 comments	14.8K	1,595
[Mp3] ƒê·ª´ng Xa Anh Nh√© - Binz	Binz Da Poet	5 years ago	550,327 plays	107 comments	5,374	832
Hoa H·ªìng D·∫°i - Binz , KenzTam - Kandy	Binz Da Poet	5 years ago	1,404,073 plays	208 comments	13.3K	1,463
(Lac No7) - Ch·ªâ C√≤n M√¨nh Anh -Binz ft Ken	Binz Da Poet	5 years ago	532,825 plays	120 comments	4,691	705
(L·∫°c No3 )La La -Binz	Binz Da Poet	5 years ago	495,890 plays	189 comments	4,584	672
Sau L∆∞ng Anh S·∫Ω L√† - Max Benderz x D.Baola Remix - Binz , OnlyC	Binz Da Poet	5 years ago	838,308 plays	900 comments	7,991	1,500
[Acoustic Cover] Gi√∫p Anh Tr·∫£ L·ªùi Nh·ªØng C√¢u H·ªèi - Binz, H√πng Nguy·ªÖn	Binz Da Poet	5 years ago	1,309,234 plays	746 comments	11K	1,708
T·∫øt n√†y con v·ªÅ Binz- Issac Th√°i	Binz Da Poet	5 years ago	506,318 plays	74 comments	4,403	538
Always N Forever Lk - Binz	Binz Da Poet	6 years ago	403,846 plays	50 comments	3,236	552
Sau L∆∞ng Anh S·∫Ω L√† - Only C , Binz	Binz Da Poet	6 years ago	566,405 plays	43 comments	4,455	441
Kh√¥ng Ph·∫£i Em Th√¨ Kh√¥ng Ai Kh√°c - n√¢n. (OFFICIAL AUDIO)	n√¢n.	1 year ago	20,019 plays	121 comments	404	26
m·ªôt th·∫ø gi·ªõi xa v·ªùi v·ª£i	n√¢n.	3 years ago	112,442 plays	14 comments	1,777	144
nh√¢n tr·∫ßn ƒë·∫Øng r·ªìi l·∫°i ng·ªçt th·∫ø th√¥i.	n√¢n.	3 years ago	221,405 plays	31 comments	3,100	221
t√¨nh ƒë·∫Øng nh∆∞ ly c√† ph√™ - n√¢n. v√† Ng∆°	n√¢n.	3 years ago	8,955,924 plays	1,006 comments	97.5K	5,034
M·ªπ Anh challenge	MCK	3 months ago	364,656 plays	245 comments	6,797	250
Sugar Baby	Mai Quang Nam	1 year ago	399,739 plays	12 comments	1,193	19
Ng∆∞·ªùi √Çm Ph·ªß	Mai Quang Nam	3 years ago	2,677,799 plays	206 comments	20.2K	2,492
Y√™u ƒê∆∞∆°ng	Mai Quang Nam	3 years ago	1,926,528 plays	113 comments	17.3K	1,877
m√πng bar y√™u xa	Mai Quang Nam	3 years ago	695,603 plays	43 comments	5,535	741
T√¢m S·ª± C·ªßa Ta - V≈© ( H·ªìn Papa Da Con G√°i OST )	V≈©,	2 years ago	501,824 plays	23 comments	4,571	234
H√†nh Tinh Song Song - V≈© (Original)	V≈©,	2 years ago	875,318 plays	96 comments	10.2K	394
Muzikdapdich	Orion Bui	2 months ago	296 plays	296 plays	4	0
Spring Bring You Back From Memories Teaser	Orion Bui	4 months ago	105 plays	1 comment	2	0
Cloud Number 2 (3 year ago)	Orion Bui	10 months ago	84 plays	1 comment	1	0
Ch·ªù L·ªùi Anh N√≥i - IVY Ft Crou Produce By OrionB Final	Orion Bui	1 year ago	1,366,165 plays	85 comments	12.4K	242
Tuyet Hong Lau	Orion Bui	1 year ago	157 plays	157 plays	2	0
Sunday T ft Orion	Orion Bui	2 years ago	531 plays	4 comments	9	1
Crash of collab - Sau Tat Ca	Orion Bui	4 years ago	185 plays	185 plays	4	1
Boobawbruh	Orion Bui	4 years ago	129 plays	129 plays	2	0
My Bluestone	Orion Bui	4 years ago	1,323 plays	2 comments	8	1
Goodnight Remixx OrionB happy ver	Orion Bui	4 years ago	192 plays	192 plays	6	0
T√¨nh Nguy·ªán Vi√™n - L√™ Minh MTV	Hieu Tran Music Producer	2 months ago	171 plays	1 comment	2	1
Tr·ªën T√¨m - ƒêen ft. MTV band ( Hi·∫øu Tr·∫ßn Lofi Remix)	Hieu Tran Music Producer	5 months ago	87,591 plays	11 comments	284	12
Mu·ªôn r·ªìi m√† sao c√≤n - S∆°n T√πng M-TP ( Hi·∫øu Tr·∫ßn Lofi Remix)	Hieu Tran Music Producer	6 months ago	795,687 plays	15 comments	1,793	75
Th·∫≠t T√¢m Em R·∫•t Y√™u Anh - ƒê√†o B√° L·ªôc	Hieu Tran Music Producer	1 year ago	1,693,047 plays	20 comments	2,790	101
Li√™n Qu√¢n Mobile - Khi b·∫°n m√™ game nh∆∞ng cu·ªôc ƒë·ªùi ƒë∆∞a ƒë·∫©y b·∫°n l√†m Music Producer - Hi·∫øu Tr·∫ßn	Hieu Tran Music Producer	1 year ago	404 plays	404 plays	4	1
Coffin Dance ( Astromonia) in 8 Different Genres/Styles - Hi·∫øu Tr·∫ßn	Hieu Tran Music Producer	1 year ago	1,108 plays	3 comments	17	1
T·∫°i sao - Thi√™n V∆∞∆°ng	Hieu Tran Music Producer	1 year ago	232 plays	232 plays	5	2
T√¢n d√≤ng s√¥ng ly bi·ªát OST - T√¨nh S√¢u ƒê·∫≠m M∆∞a Nh·∫°t Nho√† ( Lofi Mix) - Ti·ªÉu ƒê√¨nh - ÊÉÖÊ∑±Ê∑±Èõ®ÊøõÊøõ	Hieu Tran Music Producer	1 year ago	1,819 plays	2 comments	20	3
Kh√∫c h√°t ƒë√¥i b√†n tay - (ST. Nh·∫°c S·ªπ Ph·∫°m Tuy√™n) - Hi·∫øu Tr·∫ßn ( Karaoke thi·∫øu nhi)	Hieu Tran Music Producer	1 year ago	1,465 plays	1,465 plays	1	0
Kh√∫c h√°t ƒë√¥i b√†n tay - (ST. Nh·∫°c S·ªπ Ph·∫°m Tuy√™n) - Hi·∫øu Tr·∫ßn ( Beat chu·∫©n)	Hieu Tran Music Producer	1 year ago	275 plays	1 comment	1	0
GYAL ft. Chris Marshall	TroyBoi	1 month ago	15,675 plays	14 comments	625	57
BUSS IT	TroyBoi	2 months ago	77,158 plays	102 comments	4,086	479
MADTING	TroyBoi	3 months ago	60,084 plays	83 comments	3,030	338
Inspirado En Mexico	TroyBoi	5 months ago	62,089 plays	72 comments	2,953	351
Corneta ft Tropkillaz	TroyBoi	9 months ago	97,814 plays	66 comments	3,459	233
Bellz	TroyBoi	9 months ago	152,986 plays	95 comments	5,306	441
Unstoppable	TroyBoi	9 months ago	85,801 plays	47 comments	2,072	147
Clear Waters	TroyBoi	9 months ago	42,629 plays	34 comments	1,346	118
Baby	TroyBoi	9 months ago	64,505 plays	25 comments	1,591	94
Eyez On Me ft Nina Sky	TroyBoi	9 months ago	82,984 plays	55 comments	2,687	245
ARTIX! - LEAGUE OF RIDDIM EP ( EXCLUSIVE FOR SALE LIMITED )	ARTIX!‚Ñ¢	2 months ago	15,499 plays	117 comments	1,131	130
NGAY MOT NGUOI DI XA	vitcon.drrs	4 months ago	18,178 plays	16 comments	325	36
CHAC ANH DANG - TIEN TIEN & TRANG ( DARRYS EDIT )	vitcon.drrs	3 years ago	542,490 plays	86 comments	5,830	770
TIM MOT NGUOI NHU THE	vitcon.drrs	4 years ago	984,746 plays	182 comments	10K	1,149
BIGCITYBOI	Touliver	1 year ago	8,427,134 plays	684 comments	54.7K	1,855
IN DA MORNING	Touliver	1 year ago	115,270 plays	49 comments	1,655	146
BInz - Th√¥i Anh Kh√¥ng Ch∆°i [ Touliver Remix ]	Touliver	2 years ago	583,384 plays	65 comments	5,383	242
N√ìI ƒêI√äU L√ÄM CH√ì	Touliver	2 years ago	100,758 plays	12 comments	1,241	84
DUSTED ( Feat. Mr.A , DUSTEE )	Touliver	2 years ago	197,073 plays	16 comments	2,201	155
EM KHONG THE [ INSTRUMENTAL ]	Touliver	3 years ago	63,400 plays	5 comments	697	98
EM KHONG THE	Touliver	3 years ago	7,273,673 plays	288 comments	44.5K	2,025
Rhymastic - NENVAHOA ( TLVR RMX )	Touliver	3 years ago	181,458 plays	13 comments	2,365	185
CATENA ( INSTRU )	Touliver	3 years ago	134,952 plays	20 comments	1,711	226
GOML	Touliver	3 years ago	41,731 plays	6 comments	288	37
EM OI CU VUI ( ORIGINAL )	Touliver	3 years ago	659,130 plays	52 comments	6,598	470
RHYMASTIC - KHI MAN HINH TAT ( TLVR RMX )	Touliver	3 years ago	203,342 plays	59 comments	2,482	275
TOULIVER X DJ GIN - GINTONIC	Touliver	3 years ago	115,711 plays	39 comments	1,808	243
I KNOW ( TLVR RMX )	Touliver	3 years ago	140,844 plays	35 comments	1,746	204
ILABYOU ( TLVR RMX )	Touliver	4 years ago	137,933 plays	23 comments	1,779	258
Kompany X Subtronics - Wicked Witch (Elias Code Flip) [Free Download]	Elias Code	11 months ago	897 plays	9 comments	73	17
Excision & Downlink - Resistance (Elias Code Edit)[FREE DL]	Elias Code	1 year ago	3,119 plays	27 comments	250	46
MVSTAKE X DVEIGHT - BASS GO(Elias Code Remix)[FREE DOWNLOAD]	Elias Code	1 year ago	1,373 plays	17 comments	97	24
MARAUDA - Casket VIP (Elias Code R…õmix)[Free Download + Bonus Samples]	Elias Code	1 year ago	6,761 plays	49 comments	410	81
Elias Code - Duck Dinner [20k Special][FREE DOWNLOAD]	Elias Code	1 year ago	812 plays	19 comments	61	16
PhaseOne & Jiqui - Subterrestrial	PhaseOne	14 days ago	27,954 plays	88 comments	2,683	309
Northlane - Sleepless (PhaseOne Remix)	PhaseOne	8 months ago	48,183 plays	50 comments	2,439	346
The Sounds Of Mayhem Vol.2	PhaseOne	8 months ago	169,412 plays	990 comments	9,519	1,113
Metalstep Mayhem Vol 1 (Sample Pack Demo) OUT NOW ON SPLICE	PhaseOne	10 months ago	32,055 plays	60 comments	1,247	160
Tisoki & Benda - Tommy Gun (feat. Wifisfuneral) [Aweminus Remix]	Aweminus	2 days ago	1,785 plays	33 comments	385	66
Aweminus - Make Some Noise	Aweminus	1 month ago	42,069 plays	363 comments	3,584	553
MUST DIE! - DELETE IT ALL Ft. Ducky (Oolacile & Aweminus Remix)	Aweminus	2 months ago	39,135 plays	308 comments	2,127	307
Aweminus - Grain Tune	Aweminus	7 months ago	89,096 plays	374 comments	5,383	768
Aweminus - Sea Shanty	Aweminus	7 months ago	144,490 plays	391 comments	7,188	998
Aweminus - Intagalactic	Aweminus	11 months ago	71,303 plays	199 comments	3,953	542
Calcium - Frozen (Aweminus Remix)	Aweminus	11 months ago	103,765 plays	280 comments	5,944	836
Covid Cutz [Noiseporn Premiere]	Aweminus	1 year ago	51,663 plays	104 comments	2,740	367
UGHH	Aweminus	1 year ago	104,849 plays	292 comments	5,632	745
Cracc Rocc [TRILLVO Premiere]	Aweminus	1 year ago	66,715 plays	179 comments	3,543	529
Bushbaby - Naughty Pleasure (NuKid Remix)	NUKID	1 year ago	21,352 plays	25 comments	1,031	101
NuKid - Respect [The Prescription Records]	NUKID	2 years ago	60,587 plays	49 comments	1,897	273
Sudden (feat. Moeazy)	NUKID	2 years ago	4,985 plays	4 comments	189	20
Mike Williams - Harmony (No Hero Remix) FREE DL	No Hero	15 days ago	1,113 plays	97 comments	115	36
No Hero Producer Pack 1.0 UK HARDCORE/HAPPY HARDCORE	No Hero	18 days ago	276 plays	5 comments	15	1
OKAY	MOOG	1 year ago	30,159 plays	173 comments	1,347	181
drop it like its hot	MOOG	1 year ago	85,611 plays	259 comments	3,897	474
funky	MOOG	1 year ago	43,394 plays	136 comments	2,006	242
fucking hell cunt	MOOG	1 year ago	43,927 plays	149 comments	1,954	240
Track42 - LupinB	LupinB 2.0	8 months ago	75 plays	75 plays	4	0
Nh·∫°c Anh c·ª±c cƒÉng - LupinB	LupinB 2.0	9 months ago	2,007 plays	13 comments	55	5
The Weeknd - Take My Breath [LOFEAR REMIX] (Instrumental) *Full w Vocal In Description*	LOFEAR	1 month ago	342 plays	342 plays	9	1
Seven Lions (Ft. Tyler Graves)- Only Now [LOFEAR Remix]	LOFEAR	5 months ago	0	0	Like	0
Hai Ph√∫t Overthinking [LOFEAR MASHUP]	LOFEAR	5 months ago	0	0	Like	0
Lose Control 999 Roses [LOFEAR MASHUP]	LOFEAR	5 months ago	0	0	Like	0
Special Guest	Leotrix	11 hours ago	1,641 plays	60 comments	399	90
Alone	Leotrix	14 days ago	23,201 plays	133 comments	2,059	342
AKVMA - Corrupted Plate 5 (Preview)	AKVMA	1 day ago	0	0	Like	0
AKVMA - Corrupted Plate 1 (Preview)	AKVMA	1 day ago	0	0	Like	0
AKVMA - Corrupted Plate 2 (Preview)	AKVMA	1 day ago	0	0	Like	0
AKVMA - Corrupted Plate 3 (Preview)	AKVMA	1 day ago	0	0	Like	0
AKVMA - Corrupted Plate 4 (Preview)	AKVMA	1 day ago	0	0	Like	0
AKVMA - Corrupted Plate 6 (Preview)	AKVMA	1 day ago	0	0	Like	0
AKVMA - Corrupted Plate 7 (Preview)	AKVMA	1 day ago	0	0	Like	0
7 Years of Black Label (SKisM Minimix)	Never Say Die Black Label	7 months ago	55,508 plays	309 comments	3,844	682
Veer - Bad Name	Never Say Die Black Label	7 months ago	15,649 plays	96 comments	854	127
Veer - What	Never Say Die Black Label	8 months ago	17,927 plays	160 comments	1,084	157
Akeos, Hukae & Claybrook - Skeng	Never Say Die Black Label	8 months ago	31,605 plays	177 comments	2,079	360
JOOL & SEED - Arrakiss	Never Say Die Black Label	9 months ago	28,509 plays	205 comments	1,847	269
JOOL - We Can't Stand!	Never Say Die Black Label	9 months ago	48,584 plays	218 comments	2,520	354
Cripplingg - Stuck [TRILLVO Premiere]	Never Say Die Black Label	9 months ago	38,975 plays	235 comments	2,254	346
Cripplingg - Laser Shoot	Never Say Die Black Label	9 months ago	22,002 plays	156 comments	1,416	184
Cripplingg - Melodic Mirror	Never Say Die Black Label	9 months ago	39,271 plays	265 comments	2,006	352
Akeos & JOOL - Voltage Disk	Never Say Die Black Label	10 months ago	53,885 plays	225 comments	3,256	434
Tisoki & Benda - Tommy Gun ft. Wifisfuneral	Tisoki	1 month ago	25,467 plays	52 comments	2,001	244
Virtual Self - Ghost Voices (Tisoki Flip)	Tisoki	1 month ago	34,238 plays	126 comments	3,174	403
MUST DIE! - Nerve Damage (Tisoki Remix)	Tisoki	2 months ago	27,082 plays	57 comments	2,073	235
FIND URSELF	Tisoki	3 months ago	7,514 plays	8 comments	332	26
MADE 4 THIS	Tisoki	3 months ago	17,418 plays	21 comments	680	54
COMEDOWN	Tisoki	3 months ago	26,938 plays	34 comments	1,610	171
GLASS	Tisoki	3 months ago	21,564 plays	31 comments	1,050	107
FAKE IT ft. joegarratt	Tisoki	3 months ago	13,952 plays	16 comments	552	64
ALL NIGHT ft. Cry4Tre	Tisoki	3 months ago	17,255 plays	26 comments	841	115
WAVEY	Tisoki	3 months ago	28,699 plays	24 comments	1,421	151
HEKLER & Gladez - TEMPLE (Feat. Rezcoast Brisky)	HEKLER	2 months ago	15,018 plays	23 comments	835	115
HEKLER & Gladez - SOLSTICE (Feat. Jelacee)	HEKLER	2 months ago	11,993 plays	33 comments	730	97
CYNICAL (Feat. JOE BILLS)	HEKLER	4 months ago	34,381 plays	59 comments	1,583	203
ASTRAL (FEAT. JELEEL!)	HEKLER	7 months ago	58,945 plays	79 comments	2,631	357
Mu·ªôn R·ªìi M√† Sao C√≤n C√°i N·ªãt - Passed X S∆°n T√πng MTP X Ti·∫øn B·ªãp	Phan Phong	9 days ago	35 plays	1 comment	2	0
Ng∆∞·ªùi y√™u ∆°i c√≥ bi·∫øt anh l√† tune th·ªß B·∫Øc Ninh	Phan Phong	9 months ago	514 plays	19 comments	22	1
Anh Kh√¥ng Th·ªÅ G√¨ ƒê√¢u Anh L√†m (Cover)	Phan Phong	1 year ago	557 plays	6 comments	8	0
Tay to ( cover)	1batphokhonghanhh	6 months ago	441 plays	7 comments	5	1
dreamee	1batphokhonghanhh	10 months ago	97 plays	97 plays	5	0
G√≥c Nh·∫°c Nh·ªè #3 - Ki√™n	1batphokhonghanhh	1 year ago	22,794 plays	1 comment	284	9
L·∫ßn Cu·ªëi // ( cover )	1batphokhonghanhh	1 year ago	1,082 plays	9 comments	20	1
anh se om em den het mua hoa roii // ( cover )	1batphokhonghanhh	1 year ago	2,714 plays	4 comments	25	1
1 bai hat chua dat ten (demo)	1batphokhonghanhh	1 year ago	12,188 plays	11 comments	113	6
Anh dau can em // hnhngan (cover)	1batphokhonghanhh	1 year ago	3,214 plays	5 comments	37	0
Chi·ªÅu nay em v·ªÅ hanoi // cover	1batphokhonghanhh	1 year ago	732 plays	1 comment	13	1
ùì£ùì™ùìµùì¥ùì≤ùì∑ùì∞ ùìΩùì∏ ùìΩùì±ùìÆ ùì∂ùì∏ùì∏ùì∑ & ùìüùìµùì™ùîÇ ùì≠ùì™ùìΩùìÆ	ùô∏'ùöñ ùôºùöéùöéùöíùöí	6 months ago	627 plays	627 plays	13	0
Whistle teaser	ùô∏'ùöñ ùôºùöéùöéùöíùöí	11 months ago	85 plays	85 plays	6	0
MIXTAPE | Quarantine time is over - THIEN BINH MIX	THIIEN BINHH	1 month ago	44 plays	4 comments	5	0
Deep House Mix - House Lak - ComingHome - THIEN BINH	THIIEN BINHH	1 month ago	39 plays	4 comments	2	1
C√¥ ·∫§y N√≥i	Nguy·ªÖn Ng√¢n	2 months ago	1 play	1 play	2	0
C√¥ ·∫§y N√≥i	Nguy·ªÖn Ng√¢n	2 months ago	0	0	2	0
D·∫°y t√¥i c√°ch y√™u	Nguy·ªÖn Ng√¢n	5 months ago	45 plays	1 comment	Like	0
Ng∆∞·ªùi t·ª´ng th∆∞∆°ng - cover	Nguy·ªÖn Ng√¢n	5 years ago	102 plays	3 comments	3	0
Ng∆∞·ªùi t·ª´ng th∆∞∆°ng - cover	Nguy·ªÖn Ng√¢n	5 years ago	77 plays	77 plays	4	0
C√¥ g√°i b√†n b√™n cover (just for fun)	Nguy·ªÖn Ng√¢n	5 years ago	99 plays	99 plays	1	0
Mixtape - Djer	The Mars	16 days ago	1 play	1 play	1	0
Twisted Playground	Jordan Rnd	4 months ago	7,031 plays	3 comments	4	1
VAPORWAVE	Jordan Rnd	4 months ago	31,901 plays	1 comment	3	1
Now Or Never (Blair St Clair)	Jordan Rnd	5 months ago	2,943 plays	2,943 plays	2	0
Jordan Beat	Jordan Rnd	5 months ago	27,872 plays	3 comments	4	0
Jordan Rnd - Tu N'es Pas L√† (Official Audio)	Jordan Rnd	7 months ago	77,070 plays	6 comments	121	75
GPS - NIDEBIG ft BINQANG , PURR ( PROD : HS YAFU )	yafu	2 months ago	2,319,429 plays	2,777 comments	43.8K	1,462
01 Playboi Carti Mix	yafu	9 months ago	7,585 plays	7 comments	178	7
So' 1	yafu	9 months ago	1,313 plays	1,313 plays	20	1
Burberry	yafu	10 months ago	688 plays	2 comments	11	1
rEddd	yafu	1 year ago	491 plays	1 comment	13	0
I Luv U	yafu	1 year ago	580 plays	2 comments	12	0
Hi.	yafu	1 year ago	2,761 plays	1 comment	67	1
New Tank	playboicarti	10 months ago	5,941,934 plays	5,324 comments	87.8K	3,706
No Sl33p	playboicarti	10 months ago	3,677,560 plays	3,217 comments	53.5K	2,920
Go2DaMoon Feat. Kanye West	playboicarti	10 months ago	6,898,379 plays	9,001 comments	97.8K	3,806
Jump Out The House	playboicarti	10 months ago	4,021,526 plays	4,823 comments	57.4K	2,989
Sky	playboicarti	10 months ago	17,767,935 plays	10,569 comments	286K	6,007
F33l Lik3 Dyin	playboicarti	10 months ago	3,172,015 plays	3,575 comments	55.4K	3,056
Punk Monk	playboicarti	10 months ago	4,277,977 plays	4,539 comments	70.1K	3,335
M3tamorphosis Feat. Kid Cudi	playboicarti	10 months ago	4,417,812 plays	7,157 comments	67.2K	3,262
Meh	playboicarti	10 months ago	4,413,266 plays	4,076 comments	68.6K	3,138
Beno!	playboicarti	10 months ago	5,650,587 plays	5,338 comments	83K	3,338
Surf Shack BT	sewer side 666	4 months ago	9 plays	9 plays	Like	0
Asleep Bt	sewer side 666	4 months ago	17 plays	17 plays	2	0
Concrete Bt	sewer side 666	4 months ago	49 plays	49 plays	4	0
heaven ep - bobby	thebobby	22 days ago	19 plays	2 comments	2	0
NH·∫¢Y CH·∫¨M TRONG ƒê√äM BU·ªíN - BOBBY	thebobby	1 month ago	19 plays	19 plays	1	0
PEACHES JUSTIN BOBBY	thebobby	6 months ago	99 plays	99 plays	5	0
congratulation post malone cover	thebobby	2 years ago	98 plays	1 comment	2	0
Paranoize no1	thebobby	2 years ago	31 plays	31 plays	3	0
Dizz V/Rap - bobby	thebobby	2 years ago	965 plays	965 plays	23	1
deadbird	thebobby	3 years ago	122 plays	122 plays	5	0
I'm just too sad no one can feel it	thebobby	3 years ago	88 plays	88 plays	1	0
kh√≥c x newsoulz lofi	New$oulZ	5 months ago	7,349 plays	7 comments	127	12
ƒë√™m d√†i l·∫Øm m·ªông em c√≥ bi·∫øt kh√¥ng?	New$oulZ	2 years ago	176,377 plays	64 comments	2,400	156
Anh Them Dc Ngu short instrumental ver.	New$oulZ	3 years ago	297,220 plays	9 comments	1,579	135
Cho Anh Th·ªùi Gian Anh Tin M√¨nh L√†m ƒê∆∞·ª£c - Par SG x New$oulZ	New$oulZ	3 years ago	555,245 plays	59 comments	4,405	330
ÔΩåÔΩèÔΩìÔΩî	New$oulZ	3 years ago	286,486 plays	35 comments	3,298	252
Ly do n√†o ƒë·ªÉ quay l·∫°i v·ªõi nhau - newsoulz	New$oulZ	4 years ago	952,719 plays	135 comments	9,256	593
tr√™n tr·∫ßn gian c√≤n c√≥ g√¨ ƒëau kh·ªï h∆°n ???	New$oulZ	4 years ago	548,240 plays	109 comments	5,923	580
t∆° duy√™n l·ª° ƒë·ª©t ƒëi r·ªìi, c√≥ n·ªëi l·∫°i ƒëc k em?	New$oulZ	4 years ago	71,708 plays	22 comments	702	85
Dummy N Stupid - Right demo	Right	2 days ago	1,958 plays	8 comments	111	7
Nh·∫Øm M·∫Øt 864REAL	[DCOD] 864Real	2 months ago	196 plays	3 comments	6	0
Kyucbimat | 864Real	[DCOD] 864Real	2 months ago	75 plays	75 plays	4	1
motminhtrengiacmo | 864REAL x LONIE	[DCOD] 864Real	3 months ago	2,324 plays	6 comments	70	5
M·∫§Y TH·∫∞NG ·∫§T ∆† | YEUS X MINH LAI	[DCOD] 864Real	10 months ago	957 plays	1 comment	15	0
2317 - Yeus (Prod. Syndrome)	[DCOD] 864Real	3 years ago	11,811 plays	4 comments	102	16
H 21 - Yeus	[DCOD] 864Real	4 years ago	45,513 plays	7 comments	403	45
Ch√¨ll Cu·ªëi NƒÉm - Yeus (Prod. by Enzalla)	[DCOD] 864Real	4 years ago	29,573 plays	8 comments	320	54
Ch√¨ll T·ªõi T·ªëi - Yeus ft. Khoa	[DCOD] 864Real	4 years ago	29,441 plays	10 comments	340	33
12h - Yeus (Prod. by Chjuljnh)	[DCOD] 864Real	5 years ago	82,284 plays	17 comments	672	77
[FreshSoul]N·∫øu Em L√† C∆°n Gi√≥ - BdoubleO ft ƒê·ª©c Ph√°t (Prod. Vinh Kim)	xxBdoubleOxx	5 years ago	147,062 plays	4 comments	1,328	124
[FreshSoul] Don't Cry - BdoubleO (Prod. Vinh Kim)	xxBdoubleOxx	5 years ago	69,840 plays	5 comments	412	51
Just A Moment (Remix) - BdoubleO Ft B.C	xxBdoubleOxx	5 years ago	6,415 plays	6,415 plays	43	8
Loving you/Y√™u anh - BdoubleO ft Uy√™n P√≠m	xxBdoubleOxx	7 years ago	1,324,417 plays	111 comments	12K	1,579
ƒê√¥i Khi - BdoubleO ft Nah , Karik	xxBdoubleOxx	7 years ago	16,009 plays	1 comment	126	11
M√ôA VUI - BdoubleO ft ƒê·∫°t Huy , Th√¢n Tr·ªçng Nghƒ©a (Kan) & B.E.T Band	xxBdoubleOxx	7 years ago	2,381 plays	1 comment	11	3
Money Talk - BdoubleO ft Karik	xxBdoubleOxx	8 years ago	13,833 plays	13,833 plays	97	11
Purple Swag	Live Love ASAP	9 years ago	13,429,490 plays	2,253 comments	212K	27.9K
Peso	Live Love ASAP	9 years ago	19,853,400 plays	2,447 comments	308K	36.1K
Goldie	Live Love ASAP	9 years ago	29,512,538 plays	3,874 comments	424K	51.9K
g√≥i nh·∫°c t·ªïng h·ª£p cho xe h∆°i	v i n a f o u n t a i n.	6 months ago	4,307 plays	6 comments	93	14
self-time.	v i n a f o u n t a i n.	1 year ago	16,319 plays	6 comments	159	23
afterwork. I in Longer Than a Summer	v i n a f o u n t a i n.	2 years ago	16,910 plays	7 comments	220	26
Preview | in Monsoon Bar & Kitchen 02	v i n a f o u n t a i n.	2 years ago	17,198 plays	9 comments	212	31
tothemoon. /ft. Th·∫ßn B√πi.	v i n a f o u n t a i n.	4 years ago	87,462 plays	26 comments	940	129
D∆∞ √¢m - Ti·∫øng h√°t Ng·ªçc Lan-Ng·ªçc Th√∫y [ Nh√°p .04 ]	v i n a f o u n t a i n.	4 years ago	203,175 plays	71 comments	2,829	358
·ªü Tr√≤n.	v i n a f o u n t a i n.	4 years ago	112,665 plays	21 comments	1,431	211
Radio s·ªë th·ª© hai. [ b·∫£n ch∆∞a ho√†n ch·ªânh ]	v i n a f o u n t a i n.	4 years ago	316,145 plays	101 comments	4,076	489
Beijing Jamming Live Set [ Preview ]	v i n a f o u n t a i n.	4 years ago	34,776 plays	18 comments	300	42
Th·∫•y em <3 ( ~ ^ ~ )	v i n a f o u n t a i n.	4 years ago	60,193 plays	23 comments	736	91
We Are Your Friends (Prismo Remix)	PRISMO¬≤	2 years ago	135,205 plays	60 comments	5,354	607
Kaskade - Disarm You (Prismo Remix)	PRISMO¬≤	3 years ago	227,500 plays	98 comments	8,913	1,543
ZHU - Faded (Prismo Remix)	PRISMO¬≤	3 years ago	320,054 plays	97 comments	9,614	1,586
RL Grime - Core (Prismodified by Prismo)	PRISMO¬≤	3 years ago	419,454 plays	228 comments	14.7K	2,894
12th Planet - Spilly Talker (Prismodified by Prismo) [2015]	PRISMO¬≤	3 years ago	55,248 plays	19 comments	1,924	388
Skrillex & Poo Bear - Would √ú Ever (Prismodified by Prismo)	PRISMO¬≤	4 years ago	398,253 plays	149 comments	12.9K	2,452
Baauer - Temple (Prismodified by Prismo)	PRISMO¬≤	5 years ago	206,742 plays	157 comments	5,979	1,089
Still Tippin' (Prismodified by Prismo)	PRISMO¬≤	6 years ago	487,777 plays	165 comments	11.7K	2,436
Chi·ªÅu ƒê√¥ng - Acy aka TT	acyakatt	2 years ago	274,399 plays	57 comments	2,053	129
V·∫´n - Acy aka TT	acyakatt	2 years ago	26,569 plays	10 comments	309	24
[2G18] Kh√∫c C·∫ßu H·ªìn - Acy aka TT.	acyakatt	3 years ago	372,006 plays	143 comments	2,516	215
[2g18] Tr∆∞·ªùng ca 5B - Acy aka TT	acyakatt	3 years ago	471,568 plays	135 comments	3,218	230
Sold Ya Soul (Drip Like This)	UnoTheActivist	1 day ago	6,610 plays	39 comments	587	19
Flex a Hunnid (feat. Zelly Ocho)	UnoTheActivist	1 day ago	5,705 plays	53 comments	642	24
Astral Plane (High As Me)	UnoTheActivist	1 day ago	10,950 plays	56 comments	1,125	26
Cap to Me (feat. Yeat)	UnoTheActivist	1 day ago	7,163 plays	73 comments	892	31
Riding Round (feat. Matt Ox)	UnoTheActivist	1 day ago	6,548 plays	62 comments	727	27
Playhouse (feat. Ty Dolla $ign)	UnoTheActivist	1 day ago	3,741 plays	36 comments	377	10
Repent (Next Move)	UnoTheActivist	1 day ago	6,201 plays	58 comments	627	31
Sexy Energy	UnoTheActivist	1 day ago	4,106 plays	36 comments	391	8
Margiela Man (feat. MadeinTYO)	UnoTheActivist	1 day ago	5,732 plays	28 comments	575	25
Weak Hoes	UnoTheActivist	1 day ago	7,635 plays	54 comments	823	38
01. Ï°∏ÏóÖÏï®Î≤î	Black Nut	6 years ago	130,496 plays	129 comments	909	64
02. Í∏∞ÌòïÏïÑÍ∞Ä ÎßåÎÇú Í±∏Î†à	Black Nut	6 years ago	71,234 plays	43 comments	403	22
03. ÍΩÉÎ±ÄÎì§ÏóêÍ≤å	Black Nut	6 years ago	44,359 plays	23 comments	254	17
04. Î∞îÎãêÎùº Ìñ•Í∏∞Í∞Ä ÎÇò	Black Nut	6 years ago	37,121 plays	18 comments	193	7
05. ÎÇ¥ Í≥†Ìñ• Ï†ÑÏ£º	Black Nut	6 years ago	43,030 plays	9 comments	278	18
06. Jazi (Feat . ÌôçÏñ¥Ïôï ÎÇôÎèÑ)	Black Nut	6 years ago	45,578 plays	31 comments	321	18
07. ÏÑπÏä§ÌïòÍ≥† Ïã∂Ïñ¥Ïöî..	Black Nut	6 years ago	113,860 plays	134 comments	983	45
08. ÎÇòÎßå ÎØ∏ÏõåÌï¥ / ÎùºÏûÑÎÜÄÏù¥	Black Nut	6 years ago	42,674 plays	10 comments	283	14
09. ÎëêÎ†§Ïõå	Black Nut	6 years ago	60,745 plays	42 comments	500	17
11. 892	Black Nut	6 years ago	59,668 plays	20 comments	410	20
Wintertime - How Do U Feel Remix (Ft. Ugly God)	WINTERTIME	4 years ago	3,026,445 plays	462 comments	58K	4,690
Wintertime - Cold At Night (Prod By Wintertime)	WINTERTIME	4 years ago	1,647,804 plays	190 comments	26.6K	1,784
Wintertime - Wintertime (Prod By Gold)	WINTERTIME	4 years ago	928,424 plays	113 comments	14.1K	890
Wintertime - U Times 2 (Prod By @idkcletus & Tweak)	WINTERTIME	4 years ago	754,361 plays	108 comments	10.7K	785
Wintertime - Not Stopping Today (Prod By Wintertime)	WINTERTIME	4 years ago	542,326 plays	48 comments	6,994	438
Wintertime - Ice In My Veins (Prod By Hella Sketchy)	WINTERTIME	4 years ago	608,168 plays	87 comments	7,430	455
Wintertime - Daytona 500 (Prod By Good Intent)	WINTERTIME	4 years ago	2,063,146 plays	224 comments	32.4K	2,211
Wintertime - Top Notch (Prod By Hella Sketchy)	WINTERTIME	4 years ago	769,111 plays	91 comments	10.2K	673
Wintertime - Me & Ben (Prod By Wintertime)	WINTERTIME	4 years ago	438,083 plays	62 comments	5,160	330
Wintertime - Living Like Larry (Prod By Good Intent & Based Tj)	WINTERTIME	4 years ago	518,579 plays	81 comments	6,421	429
wake up for somethin, fell in love with nothin	„É®„É≥„Å©	2 days ago	4 plays	4 plays	Like	0
baby keem shoutout to the dead	„É®„É≥„Å©	25 days ago	29 plays	29 plays	7	1
SG	„É®„É≥„Å©	6 years ago	2,399 plays	2 comments	43	7
Autoerotique - AUH ‚òÅHai Remix‚òÅ	Hai ‚òÅ	5 years ago	8,180 plays	17 comments	417	101
Watch Out ‚òÅHai Remix‚òÅ	Hai ‚òÅ	5 years ago	10,504 plays	14 comments	432	106
P$MALL - SNOWDAY x SOL7 x BEN (Prod by AOQUADI)	P$MALL	8 months ago	75,608 plays	13 comments	968	23
I Say	P$MALL	11 months ago	7,171 plays	10 comments	124	4
Belive Me	P$MALL	1 year ago	4,862 plays	2 comments	70	6
LIFE GOES ON - KEY x PJNBOYS x P$MALL	P$MALL	1 year ago	56,584 plays	5 comments	591	23
Nguoi Mien Trung	P$MALL	1 year ago	2,732 plays	2 comments	47	3
Dontplaywithme	P$MALL	1 year ago	8,745 plays	4 comments	139	8
T R U S T N O B O D Y	P$MALL	3 years ago	9,132 plays	1 comment	112	10
IdontKnow(remake)	P$MALL	3 years ago	22,403 plays	4 comments	235	10
P$mall - IneedSomeWeed	P$MALL	3 years ago	15,491 plays	15,491 plays	213	16
DCODLIFE 3 - P$mall	P$MALL	3 years ago	57,331 plays	14 comments	603	60
Euphoria	Louis The Child	15 days ago	9,586 plays	14 comments	566	63
Waiting To Feel Like This	Louis The Child	15 days ago	24,670 plays	22 comments	1,353	195
Hole In My Heart	Louis The Child	15 days ago	56,796 plays	42 comments	2,242	224
hate u cuz i don't	Louis The Child	2 months ago	66,623 plays	29 comments	2,700	320
Keep On Moving (feat. Theophilus London)	Louis The Child	4 months ago	121,914 plays	43 comments	3,915	400
So What (ARTY Remix)	Louis The Child	4 months ago	38,399 plays	13 comments	770	85
So What (feat. A R I Z O N A)	Louis The Child	6 months ago	134,485 plays	59 comments	4,579	754
Sleep // Wake	Louis The Child	7 months ago	51,726 plays	28 comments	1,940	417
Somewhere Else	Louis The Child	8 months ago	163,827 plays	75 comments	5,115	597
Here For Now Tour - Live in Chicago (Friendsgiving 3)	Louis The Child	11 months ago	72,219 plays	103 comments	3,289	285
Wave Flowers 2003_Ryan Lee	Plant Based Records Ryan Lee Wavey	6 years ago	114 plays	4 comments	4	0
Water 2000_Ryan Lee	Plant Based Records Ryan Lee Wavey	6 years ago	44 plays	44 plays	3	0
Flow Aquarium_Ryan Lee	Plant Based Records Ryan Lee Wavey	6 years ago	38 plays	1 comment	2	0
1993_Ryan Lee	Plant Based Records Ryan Lee Wavey	6 years ago	570 plays	2 comments	11	2
Tree Wave 1990_Ryan Lee	Plant Based Records Ryan Lee Wavey	6 years ago	51 plays	51 plays	1	0
Infinity Wavey_Ryan Lee	Plant Based Records Ryan Lee Wavey	6 years ago	66 plays	66 plays	1	0
Wave Daze 2002_Ryan Lee	Plant Based Records Ryan Lee Wavey	6 years ago	89 plays	89 plays	3	0
Westside Vacation 1990_Ryan Lee	Plant Based Records Ryan Lee Wavey	6 years ago	142 plays	142 plays	4	0
Wavey Aquatic 1994 - Ryan Lee - Water God Aquatics	Plant Based Records Ryan Lee Wavey	7 years ago	77 plays	77 plays	4	0
Alignment Weekend 1991 - Ryan Lee - Water God Aquatics	Plant Based Records Ryan Lee Wavey	7 years ago	91 plays	1 comment	3	0
Think About You	N e w w E r a a	1 year ago	7,037 plays	20 comments	274	49
Tendo Extendo -HunnidRoundDrum (Prod. Neww Eraa)	N e w w E r a a	1 year ago	5,309 plays	19 comments	171	20
isaiah - Reasons (prod. neww eraa)	N e w w E r a a	1 year ago	26,727 plays	49 comments	620	72
CP W/ neww eraa~ R e l a x üåπ	N e w w E r a a	2 years ago	21,905 plays	32 comments	389	57
NateNumbaEight- Ten' Hut! (Prod. Neww Eraa)	N e w w E r a a	2 years ago	4,994 plays	21 comments	83	6
@BVLLVH- Off The Drugs (Prod. Neww Eraa) *DJPoohKellyExclusive*	N e w w E r a a	3 years ago	7,212 plays	9 comments	168	26
P2THEGOLDMASK - FOFüåπ (Facts Over Feelings) Prod. @newweraa **DJPoohKelly Exclusive**	N e w w E r a a	3 years ago	5,723 plays	11 comments	131	34
Tendo(@TendoExtendo) - Foreign Prod .Neww Eraa (Dj Poohkelly Exclusive)	N e w w E r a a	3 years ago	10,039 plays	8 comments	188	37
@ShyBalenci- VLone( Prod .Neww Eraa)	N e w w E r a a	3 years ago	10,927 plays	19 comments	206	25
@3rdivison- Cheat Code (Prod. Neww Eraa x 3rdivison)	N e w w E r a a	3 years ago	11,051 plays	17 comments	226	64
J.Lee - Kh√©p L·∫°i	JLee VN	9 years ago	2,268 plays	2 comments	6	1
Anxiety - ft. Mr.B	Gp Weezy	9 years ago	42 plays	42 plays	Like	0
Ng√†y H√¥m Qua - YoungHuy	Young Huy	8 years ago	145 plays	145 plays	2	0
T·ª± ƒê·ªùi - Young Huy	Young Huy	8 years ago	98 plays	98 plays	1	0
A1 - 80	DLG-083	5 years ago	237 plays	1 comment	3	0
His Diary - L√† Leo	DLG-083	8 years ago	764 plays	764 plays	4	1
Mama - L√† Leo	DLG-083	8 years ago	724 plays	724 plays	6	1
Me Against The Music - Dj Czak	B·ªùm Alo Xinh	8 years ago	80 plays	80 plays	Like	0
Mat Troi Ngay Moi ( Test )	Ngoc Ngocadmjn	7 years ago	96 plays	96 plays	Like	0
Don't say goodbye(sayoonara)	HnilYm Oh	8 years ago	89 plays	1 comment	2	0
D√¢n v≈© Nh·∫≠t B·∫£n - V≈© h·ªôi ƒë√™m m∆∞a	HnilYm Oh	8 years ago	170 plays	170 plays	1	0
DUNG DAY 2 | Snoopy	Snoopydamidside	11 days ago	3 plays	3 plays	2	0
HunTing SnaKe | Snoopy	Snoopydamidside	16 days ago	14 plays	14 plays	5	0
Su·ªµt ! |Snoopy	Snoopydamidside	16 days ago	5 plays	1 comment	6	0
DUNG DAY 1 | Snoopy	Snoopydamidside	16 days ago	9 plays	9 plays	4	0
A letter to my mom | Snoopy	Snoopydamidside	17 days ago	87 plays	1 comment	14	0
Wonderlust | Snoopy x SG Vic	Snoopydamidside	2 months ago	27 plays	4 comments	6	0
introduction	XXXTENTACION	1 year ago	3,476,328 plays	6,387 comments	48.5K	1,612
Ex Bitch	XXXTENTACION	1 year ago	19,082,612 plays	16,576 comments	287K	6,570
UGLY	XXXTENTACION	1 year ago	5,781,006 plays	5,473 comments	81.3K	2,089
School Shooters (feat. Lil Wayne)	XXXTENTACION	1 year ago	5,813,558 plays	5,175 comments	93K	2,817
I Changed Her Life (feat. Rick Ross)	XXXTENTACION	1 year ago	4,274,662 plays	2,805 comments	67.1K	1,914
Triumph	XXXTENTACION	1 year ago	6,442,148 plays	4,726 comments	93.1K	2,605
LIMBO (feat. Killstation)	XXXTENTACION	1 year ago	4,708,641 plays	3,597 comments	76.6K	2,125
before i realize	XXXTENTACION	1 year ago	2,981,372 plays	1,810 comments	42.4K	938
Ecstasy (feat. Tory Lanez & Mavado)	XXXTENTACION	1 year ago	3,190,937 plays	2,761 comments	53.3K	1,305
Kill My Vibe (feat. Tom G)	XXXTENTACION	1 year ago	3,631,434 plays	2,977 comments	62.2K	1,412
Lil Pump - I'monna (prod by Cbmix)	Lil Pump	10 months ago	399,866 plays	1,753 comments	9,658	455
LIL PIMP BIG MAGA STEPPIN (Prod by Ronny J)	Lil Pump	11 months ago	361,477 plays	3,543 comments	9,335	534
Lil Pump - Life Like Me (prod by Bighead)	Lil Pump	1 year ago	806,970 plays	2,976 comments	18.7K	726
Lil Pump, Anuel AA - Illuminati	Lil Pump	1 year ago	717,140 plays	1,236 comments	12.9K	938
HARDY BROTHERS FREESTYLE	Lil Pump	2 years ago	1,276,265 plays	3,216 comments	30.9K	1,547
Pose To Do ft. French Montana & Quavo	Lil Pump	2 years ago	2,224,919 plays	3,968 comments	38.7K	1,723
Too Much Ice ft. Quavo	Lil Pump	2 years ago	1,218,879 plays	1,200 comments	20.3K	736
Vroom Vroom Vroom	Lil Pump	2 years ago	1,241,501 plays	1,246 comments	18.6K	606
Stripper Name ft. YG & 2 Chainz	Lil Pump	2 years ago	1,929,905 plays	1,403 comments	30.9K	1,261
Who Dat	Lil Pump	2 years ago	991,726 plays	734 comments	17.3K	558
TOP $HELF X EATER - PILEDRIVER	TOP $HELF	1 year ago	20,959 plays	20 comments	1,180	126
BANG	TOP $HELF	1 year ago	22,969 plays	24 comments	1,196	136
GET OUT	TOP $HELF	1 year ago	6,779 plays	6 comments	224	36
BULLETS	TOP $HELF	2 years ago	25,411 plays	26 comments	1,219	145
$NOT - GOSHA (TOP $HELF Remix)	TOP $HELF	2 years ago	18,907 plays	18 comments	529	95
REQUIEM	TOP $HELF	2 years ago	40,929 plays	42 comments	1,958	229
ASSASSIN (Original Mix)	Babylons P	7 months ago	1,472 plays	34 comments	111	38
Everlasting Blood - Feat.Derrick Green [Sepultura]	Babylons P	9 months ago	9,235 plays	20 comments	317	97
Darkness Falls (Original Mix)	Babylons P	1 year ago	5,362 plays	22 comments	278	74
Babylons P - Your Days Are Numbered (Original Mix)	Babylons P	2 years ago	8,855 plays	42 comments	466	130
Babylons P - System Shock #OUT NOW# (CLIP) [Abducted 10 Years Anniversary LP	Babylons P	3 years ago	4,877 plays	5 comments	215	56
Corruption	Babylons P	4 years ago	10,070 plays	28 comments	379	115
Babylons P - Satan (Original Mix)	Babylons P	4 years ago	31,194 plays	30 comments	1,339	344
Babylons P - DEATH (Original Mix)[Damaged Sounds]	Babylons P	5 years ago	1,034 plays	10 comments	42	10
Aghast - Laid Out In Red (Babylons P & TGR REMIX) CLIP	Babylons P	5 years ago	1,454 plays	10 comments	54	12
Babylons P - To Hell (ft.TGR)	Babylons P	5 years ago	1,430 plays	3 comments	41	13
Babylons P - Damn Hammer	Babylons P	5 years ago	641 plays	4 comments	20	2
Babylons P & Brothers Grim - Mainline Ft.OG (Oozi & Disekt)	Babylons P	5 years ago	4,464 plays	4 comments	229	66
Babylons P - Bull$hit	Babylons P	5 years ago	2,736 plays	5 comments	151	44
Deicide [Free Download]	DEMASK	4 years ago	11,261 plays	35 comments	741	198
Chaos [Free Download]	DEMASK	4 years ago	41,347 plays	42 comments	1,124	395
DemasK - Kill Noel (Original Mix)	DEMASK	4 years ago	5,871 plays	32 comments	316	84
Head$hot [Free Download]	DEMASK	4 years ago	5,556 plays	13 comments	250	63
DemasK - Invasion (Original Mix)	DEMASK	5 years ago	4,832 plays	26 comments	240	60
Deltabot - Bring It Back	DELTABOT	4 years ago	7,400 plays	12 comments	227	37
Deltabot - Evasion (Feat. Areias)	DELTABOT	4 years ago	10,445 plays	16 comments	501	93
Deltabot - Anomaly	DELTABOT	4 years ago	9,669 plays	25 comments	411	83
Deltabot & Sekai - Lunar	DELTABOT	4 years ago	28,752 plays	68 comments	801	128
Deltabot - Blade	DELTABOT	4 years ago	23,742 plays	71 comments	986	192
Deltabot - Triplekill	DELTABOT	4 years ago	18,289 plays	70 comments	857	193
Lunar EP (Teaser)	DELTABOT	4 years ago	1,627 plays	16 comments	77	15
Skan - Miles (feat. Swisha T)	SKAN	1 day ago	686 plays	1 comment	65	11
Skan - Rider	SKAN	2 days ago	658 plays	1 comment	70	12
Skan & Krale - Glory (No Glory II) (feat. M.I.M.E & Drama B)	SKAN	6 months ago	61,962 plays	40 comments	1,252	107
Skan - Circles	SKAN	9 months ago	50,370 plays	23 comments	946	64
Mazcot - Out Of Line	Trap Cords	1 year ago	0	0	Like	0
NOIXES - The Light	Trap Cords	2 years ago	0	0	Like	0
Hypnotic & Svniivan - Darkest Nights	Trap Cords	2 years ago	0	0	Like	0
Limbow & Elyte - Make The Crowd	Trap Cords	2 years ago	0	0	Like	0
Frost Chimes -Preview-	Doxxo Official	2 years ago	307 plays	307 plays	1	0
Remember	Doxxo Official	2 years ago	31 plays	1 comment	2	0
Fub Dunk	Doxxo Official	2 years ago	32 plays	32 plays	Like	0
Splicetrance	Doxxo Official	3 years ago	19 plays	19 plays	1	0
Esralanke	Doxxo Official	3 years ago	18 plays	18 plays	3	0
Lo-Fi Hip Hop Stuff	Doxxo Official	3 years ago	44 plays	44 plays	2	0
DnB stuff project	Doxxo Official	3 years ago	40 plays	40 plays	2	0
slow night in the studio	getyoursnackon	5 years ago	16,294 plays	26 comments	213	15
i dunno why i remade this	getyoursnackon	6 years ago	15,113 plays	10 comments	125	8
mustard on the beat	getyoursnackon	6 years ago	15,768 plays	16 comments	90	7
10 Deep	getyoursnackon	6 years ago	18,248 plays	20 comments	267	21
Persia	getyoursnackon	6 years ago	11,912 plays	8 comments	39	1
deja vu (Hibell Edit)	Hibell	1 month ago	105,900 plays	292 comments	5,435	192
Bolum (Sambo & Marrabeatsz)	Sambo üëΩ	2 years ago	40,125 plays	334 comments	1,434	471
Sambo - Crazy World (ft. Gorrsowtu & Jams) + SPOTIFY	Sambo üëΩ	2 years ago	9,511 plays	10 comments	191	19
Mii Guel - Sahara (Sambo Riddim)	Sambo üëΩ	3 years ago	37,818 plays	314 comments	1,322	352
Sambo - Hayat	Sambo üëΩ	3 years ago	33,694 plays	213 comments	869	179
Broederliefde - Officieel (Sambo & Braysenn Remix)	Sambo üëΩ	4 years ago	75,945 plays	265 comments	1,322	240
Sambo X Sureno - Hush	Sambo üëΩ	4 years ago	45,268 plays	252 comments	1,112	211
Elji Beatzkilla Ft. Real'Or'Beatz - Xtraga (SAMBO & MADRIK X NIT'K Remix)	Sambo üëΩ	4 years ago	109,661 plays	748 comments	2,634	656
SBMG - Pull Up Game Strong (Sambo X DJLycox Remix)	Sambo üëΩ	4 years ago	62,446 plays	393 comments	1,280	291
Aaliyah - Rock The Boat (Sambo & MarraBeatsz)	Sambo üëΩ	4 years ago	50,902 plays	383 comments	1,362	316
SFB - Way It Goes (Sambo Remix)	Sambo üëΩ	4 years ago	142,369 plays	500 comments	2,537	406
HENRY FONG - RAVE TOOL [VELVO FLIP]*FREE DL*	VELVO	1 year ago	6,336 plays	7 comments	305	20
Velvo & Stoutty - WAR DOGS [OUT ON ALL PLATFORMS]	VELVO	1 year ago	9,075 plays	18 comments	383	56
FCK THT [FEAT. YURY]	VELVO	2 years ago	1,021 plays	3 comments	43	6
SUPERBAD (CC FUNKY EDIT)	CHROMECROWNS	1 month ago	3,292 plays	13 comments	216	34
Dancehall & Afro House Mix 2017	Soufyan G	4 years ago	6,692 plays	6,692 plays	121	6
Ed Sheeran - Shape of you (MoombaLoco x Double-J Edit)[Preview]	Soufyan G	4 years ago	149 plays	149 plays	2	0
BEST JERSEY CLUB MUSIC 2K16	Soufyan G	5 years ago	5,592 plays	1 comment	129	7
KXA - NYX [UNRELEASED]	Soufyan G	5 years ago	591 plays	2 comments	9	2
Manolo Rose feat. Fame School ‚Äì Run Ricky Run (DJ Sliink & Nadus Remix)*Preview [UNRELEASED]	Soufyan G	6 years ago	3,146 plays	3 comments	66	9
Armando Martinez - Vivo Tomando Aquardiente ( WOST 'TRAPCLVB' REMIX)	Soufyan G	6 years ago	11,509 plays	2 comments	34	5
Moombahton-Trap-Twerk Mix MoombaLoco	Soufyan G	6 years ago	821 plays	1 comment	16	3
Happy Colors & Juyen Sebulba - Sucia Anthem UNRELEASED!	Soufyan G	7 years ago	638 plays	638 plays	15	1
Yellow Claw & Cesqeaux & Tropkillaz - The General	Soufyan G	7 years ago	20,226 plays	7 comments	438	76
Moombahton Mix June 2014 | Volume 1| Mixed by MoombaLoco	Soufyan G	7 years ago	5,271 plays	7 comments	44	13
Teka (Remix)	David Nova	5 months ago	31 plays	1 comment	Like	0
Teka	David Nova	7 months ago	27 plays	1 comment	2	0
David Nova, Jay Klash - Underwater (Free)	David Nova	11 months ago	152 plays	2 comments	10	4
Vintage	David Nova	1 year ago	5 plays	1 comment	Like	0
Poetry In Motion (feat. Kris Kiss)	KURA	1 year ago	63,860 plays	33 comments	1,510	174
Ambush Sessions ep 1	KURA	1 year ago	2,614 plays	7 comments	83	7
KURA - Thunder [EXTENDED MIX] [EXCLUSIVE]	KURA	2 years ago	28,960 plays	45 comments	1,001	158
KURA - Track 5398	KURA	3 years ago	39,144 plays	39 comments	786	97
KURA - ULTRA Europe 2018 live set	KURA	3 years ago	15,760 plays	14 comments	524	77
DMSN #22	Damien N-Drix ¬©	1 year ago	6,661 plays	13 comments	240	22
DMSN #21	Damien N-Drix ¬©	1 year ago	5,856 plays	14 comments	214	17
DAMIEN N-DRIX - ELEKTRIC PARK 2019 | LIVE FUN RADIO |	Damien N-Drix ¬©	2 years ago	6,455 plays	13 comments	222	19
SPICY MASHUP PACK #2	Shad	2 months ago	14,962 plays	1,569 comments	1,737	1,261
Nasti & Clarks X Hardropers Ft Anais Chetcuti - Zombie (Radio Edit) - FREE DOWNLOAD	Hardropers	2 years ago	119 plays	119 plays	3	1
"""Nasti & Clarks X Hardropers - Joke"" Played by Antoine Delvig on FUN RADIO [PARTY FUN]"	Hardropers	5 years ago	236 plays	1 comment	3	1
Mix Eclectique UCPA (RnB - Disco/Funk - Pop/Rock - Electro)	Hardropers	6 years ago	889 plays	889 plays	16	2
Nathan Aaron & Hardropers - Gaw (Brisco Bros Remix) (PREVIEW) [Huk Records]	Hardropers	7 years ago	358 plays	1 comment	7	3
Nathan Aaron & Hardropers - Gaw (Bombi Sounds Remix) (PREVIEW) [Huk Records]	Hardropers	7 years ago	203 plays	203 plays	3	1
Nathan Aaron & Hardropers - Gaw (Original Mix) (PREVIEW) [Huk Records]	Hardropers	7 years ago	338 plays	338 plays	2	1
FLEU, Khouri - Let You Down (Extended Mix)	FLEU	1 month ago	1,164 plays	7 comments	77	22
the other side #002 (70% Autoral)	FLEU	6 months ago	2,173 plays	32 comments	123	11
INGEK, FLEU - Zip It (Extended Mix)	FLEU	8 months ago	5,695 plays	118 comments	399	136
Regard - Ride It (FLEU Booty)	FLEU	1 year ago	15,503 plays	231 comments	1,013	457
the other side #001	FLEU	1 year ago	3,543 plays	27 comments	185	21
MEDUZA feat. SHELLS - Born To Love (FLEU Remix)	FLEU	1 year ago	37,943 plays	359 comments	1,825	541
Matroda & Bleu Clair - Disco Tool (OOTORO Remix)	ùë∂ùë∂ùëªùë∂ùëπùë∂	13 hours ago	708 plays	16 comments	127	19
Breaking Away	ùë∂ùë∂ùëªùë∂ùëπùë∂	4 months ago	12,590 plays	38 comments	691	68
Boogiefly	ùë∂ùë∂ùëªùë∂ùëπùë∂	1 year ago	8,338 plays	28 comments	420	57
Taxi Man	ùë∂ùë∂ùëªùë∂ùëπùë∂	2 years ago	8,209 plays	24 comments	406	39
Kisah Kehidupan	ùë∂ùë∂ùëªùë∂ùëπùë∂	2 years ago	7,604 plays	23 comments	260	33
Dungarees	ùë∂ùë∂ùëªùë∂ùëπùë∂	2 years ago	4,734 plays	17 comments	170	22
Rico Ventura @ DJ SHUBA K's PODCAST UNITY EP. 10	Rico Ventura	5 months ago	25 plays	25 plays	3	0
Crooklyn Clan Feat Fatman Scoop - Be Faithfull (Rico Ventura Transition)	Rico Ventura	6 years ago	2,587 plays	2,587 plays	25	2
Sidney Samson - Riverside (Federico & Tony Bee Special Intro Mix)	Rico Ventura	10 years ago	379 plays	379 plays	5	0
Disco Funk	Rico Ventura	10 years ago	1,629 plays	5 comments	27	4
Sasori	290.wav	9 months ago	1,567 plays	2 comments	36	3
Ricardo Espino - Push It (Radio Edit)	Ricardo Espino	4 months ago	2,961 plays	10 comments	135	13
Things (Extended Version)	Ricardo Espino	5 months ago	330 plays	4 comments	15	3
Things	Ricardo Espino	5 months ago	271 plays	1 comment	11	0
Girls and Beats (Original Mix)	Ricardo Espino	6 months ago	1,705 plays	21 comments	81	10
Girls and Beats (Extended Mix)	Ricardo Espino	6 months ago	187 plays	187 plays	12	1
Addicted To You	Ricardo Espino	6 months ago	586 plays	6 comments	34	5
Addicted To You (Extended Version)	Ricardo Espino	6 months ago	208 plays	208 plays	5	0
The Stop Is Real (Original Mix)	Ricardo Espino	9 months ago	37 plays	1 comment	1	0
Alarm (Original Mix)	Ricardo Espino	10 months ago	463 plays	1 comment	24	0
Ricardo Espino - Scratch (Original Mix)	Ricardo Espino	11 months ago	378 plays	2 comments	24	3
Cloonee - Love You Like That	Cloonee	1 month ago	54,118 plays	36 comments	3,092	175
Holla	Cloonee	3 months ago	37,998 plays	18 comments	1,670	96
Cloonee x Wade - Mi Amor	Cloonee	5 months ago	113,907 plays	71 comments	5,335	303
Cloonee - Pop It	Cloonee	7 months ago	67,006 plays	42 comments	2,622	174
Sun Goes Down	Cloonee	9 months ago	245,346 plays	83 comments	8,369	411
Thriller (Aidan Bega Remix)	Aidan Bega	10 days ago	37 plays	1 comment	4	0
Jungle Love (Radio Edit)	Aidan Bega	1 month ago	20 plays	20 plays	4	0
Jungle Love (Extended Mix)	Aidan Bega	1 month ago	13 plays	13 plays	5	0
Not Too Late (Original Mix)	Aidan Bega	2 months ago	13 plays	2 comments	2	0
Not Too Late (Club Mix)	Aidan Bega	2 months ago	19 plays	19 plays	4	1
Peggy Gou - I Go	Gudu Records	3 months ago	143,051 plays	129 comments	5,357	460
Peggy Gou - Nabi (feat. OHHYUK)	Gudu Records	4 months ago	127,971 plays	101 comments	3,914	325
Brain De Palma - Clockroom	Gudu Records	8 months ago	18,810 plays	13 comments	432	37
Brain De Palma - Call Me By Your Nail	Gudu Records	8 months ago	15,064 plays	16 comments	403	36
Brain De Palma - Farout	Gudu Records	8 months ago	15,255 plays	3 comments	454	47
Brain De Palma - Particle Fever	Gudu Records	9 months ago	36,193 plays	55 comments	1,462	121
JRMS - Solo	Gudu Records	1 year ago	17,701 plays	9 comments	412	38
JRMS - 3	Gudu Records	1 year ago	16,360 plays	12 comments	331	27
Dennis Cruz, Ian Ludvig - Good All Days (Radio Edit)	DENNIS CRUZ	17 hours ago	401 plays	1 comment	24	3
Dennis Cruz - Ecua (Radio Edit)	DENNIS CRUZ	17 hours ago	299 plays	2 comments	24	2
Dennis Cruz Feat Leo Woo - What U Doing (Radio Edit)	DENNIS CRUZ	17 hours ago	276 plays	276 plays	33	4
Dennis Cruz - Bend (Radio Edit)	DENNIS CRUZ	17 hours ago	237 plays	237 plays	16	1
Dennis Cruz Feat Lee Scrath Perry - Go Down (Radio Edit)	DENNIS CRUZ	17 hours ago	218 plays	218 plays	16	1
Dennis Cruz, Josh Butler - Ahora Todo Va (Dub Mix Radio Edit)	DENNIS CRUZ	17 hours ago	237 plays	1 comment	15	0
Dennis Cruz - Te Quiero Cantar (Radio Edit)	DENNIS CRUZ	17 hours ago	221 plays	221 plays	16	0
Dennis Cruz, Iuliano Mambo - Back Again (Radio Edit)	DENNIS CRUZ	17 hours ago	203 plays	203 plays	10	0
Dennis Cruz - Los Tamales (Radio Edit)	DENNIS CRUZ	17 hours ago	271 plays	1 comment	28	1
Dennis Cruz Feat P.Rivas - La Ratonera (Radio Edit)	DENNIS CRUZ	17 hours ago	337 plays	3 comments	28	2
Growing Light	SEVADER	1 month ago	36 plays	36 plays	3	0
Time For You	SEVADER	1 month ago	29 plays	1 comment	4	3
Ghetto Lennox	SEVADER	1 month ago	55 plays	55 plays	4	1
Pirdo @ PLTZ	Pirdo	4 months ago	37 plays	4 comments	5	0
Pirdo at Rooftop ( Moscu)	Pirdo	6 months ago	39 plays	39 plays	7	0
I'm not here - Pirdo @ Vinyl Ba - Crobar	Pirdo	7 months ago	30 plays	1 comment	6	0
Pirdo at Vinyl BA - Crobar	Pirdo	8 months ago	107 plays	8 comments	16	2
NoodleBomber - Liquid Jazz (Pirdo Remix) FREE DOWNLOAD	Pirdo	8 months ago	271 plays	7 comments	17	4
Pirdo At Paradise #002	Pirdo	10 months ago	25 plays	4 comments	4	0
Podcasts Voyage 012 for - ENJOY THE TRIP -	Pirdo	11 months ago	9 plays	2 comments	2	0
Quarantine Live Stream #009 [Power Fest]	Pirdo	1 year ago	7 plays	2 comments	4	0
Quarantine Live Stream #008 [Barro Ent.]	Pirdo	1 year ago	3 plays	3 comments	5	0
03 FAT003 - Side B2 - The Top	Fat Edits	7 months ago	114 plays	1 comment	4	1
02 FAT003 - Side B1 - Just Beat	Fat Edits	7 months ago	137 plays	2 comments	5	2
01 FAT003 - Side A - The Groovers	Fat Edits	7 months ago	167 plays	167 plays	6	1
A1 KKKK - Traumt√§nzer	Tapes From Future Recordings	4 months ago	287 plays	3 comments	19	3
A2 KKKK - 18439	Tapes From Future Recordings	4 months ago	215 plays	3 comments	18	3
B1 KKKK - Sternis Z√§hlen	Tapes From Future Recordings	4 months ago	162 plays	1 comment	18	4
B2 KKKK - Croon	Tapes From Future Recordings	4 months ago	131 plays	2 comments	10	3
KKKK -Feigenbaum EP [TFFR007]	Tapes From Future Recordings	4 months ago	148 plays	7 comments	15	3
B1 JJJJ - Same Tricks	Tapes From Future Recordings	10 months ago	578 plays	6 comments	39	9
B2 JJJJ - Never Changes	Tapes From Future Recordings	10 months ago	304 plays	2 comments	18	3
A1 JJJJ - Cool Training	Tapes From Future Recordings	10 months ago	585 plays	3 comments	20	2
JJJJ - Cool Training EP [TFFR006]	Tapes From Future Recordings	10 months ago	1,125 plays	9 comments	53	4
A1 NNNN - City Longing	Tapes From Future Recordings	11 months ago	745 plays	745 plays	37	10
[AXTX013] Lay-Far - Soulful Hardcore : Love Edition (Inc Raw Takes Remix)	Axe On Wax Records	6 months ago	1,491 plays	9 comments	104	8
Axe On Wax x Woodensun Presents : Munir & Native Cruise (Tape)	Axe On Wax Records	7 months ago	943 plays	943 plays	42	4
Fede Lng - Shaolin 808 Ep (Inc Byron The Aquarius Remix)	Axe On Wax Records	1 year ago	2,363 plays	14 comments	86	11
Dj Rou - Catch Me In The Blue (ft D'Arabia & Jimbo) [AOW011]	Axe On Wax Records	1 year ago	1,811 plays	1,811 plays	50	7
Zopelar vs Brothermartino - Split Ep [AXTX011]	Axe On Wax Records	1 year ago	3,228 plays	6 comments	132	19
PNP 004 w/ Jacques Renault, Kirk The Flirt, Fede Lng, Lovers & Hyas	Axe On Wax Records	2 years ago	6,578 plays	17 comments	283	36
Hard Drive Library - 2010 (Bonus Flex)	Hard Drive Library	10 months ago	271 plays	1 comment	6	2
Hard Drive Library - Tell Me When It's Over	Hard Drive Library	1 year ago	1,533 plays	2 comments	68	9
Hard Drive Library - Turn It Low	Hard Drive Library	1 year ago	5,011 plays	5 comments	231	29
Hard Drive Library - Clich√© House [HDLN01]	Hard Drive Library	2 years ago	3,019 plays	2 comments	89	9
Pink Rhythm - Melodies Of Love (Hard Drive Library Edit)	Hard Drive Library	3 years ago	4,535 plays	2 comments	232	21
Fish Whistle (dublab 12.7.20)	Jen Ferrer	10 months ago	259 plays	3 comments	15	3
Fish Whistle (dublab 10.5.20)	Jen Ferrer	10 months ago	73 plays	73 plays	8	0
Fish Whistle (dublab 9.7.20)	Jen Ferrer	10 months ago	49 plays	49 plays	4	0
Fish Whistle (dublab 8.3.20)	Jen Ferrer	10 months ago	52 plays	1 comment	5	0
Fish Whistle (dublab 7.6.20)	Jen Ferrer	10 months ago	34 plays	34 plays	4	0
Fish Whistle (dublab 4.6.20)	Jen Ferrer	1 year ago	242 plays	1 comment	13	2
Fish Whistle (dublab 1.6.20)	Jen Ferrer	1 year ago	95 plays	95 plays	2	1
Fish Whistle (dublab 6.3.19)	Jen Ferrer	2 years ago	1,942 plays	15 comments	87	8
Deep Tenor City on Soho Radio: Mutual Frequencies & M.A.S mixes	Deep Tenor City	7 months ago	20 plays	3 comments	3	1
Deep Tenor City on Soho Radio - Danny & the Red Motorbike mix	Deep Tenor City	9 months ago	65 plays	3 comments	9	0
Reece Johnson - Piece Of Mind 96kbps	Reece Johnson	1 year ago	349 plays	3 comments	17	5
DJ Caspa plays 'Reece Johnson - Souled Out' Out 14/08/15 on Plastik People	Reece Johnson	6 years ago	1,346 plays	2 comments	23	4
Reece Johnson - One Day Left (Clip)	Reece Johnson	8 years ago	470 plays	470 plays	8	0
Aware Festival	Friedrich Raphael	1 year ago	2,129 plays	25 comments	109	28
About Blank	Friedrich Raphael	1 year ago	1,212 plays	21 comments	72	23
Last Time	Friedrich Raphael	1 year ago	1,991 plays	14 comments	106	22
Watergate Souvenir 100	Friedrich Raphael	2 years ago	1,364 plays	17 comments	85	25
Daytime Disco	Friedrich Raphael	2 years ago	2,114 plays	11 comments	142	26
Grand Finale	Friedrich Raphael	2 years ago	822 plays	3 comments	50	21
Ten	Friedrich Raphael	2 years ago	1,274 plays	6 comments	69	12
Hinter Den Alpen	Friedrich Raphael	2 years ago	1,657 plays	3 comments	74	12
Chalet	Friedrich Raphael	2 years ago	1,919 plays	1 comment	77	26
Anita Berber Family Unit	Friedrich Raphael	3 years ago	798 plays	12 comments	36	7
No Alibis (Siggatunez Edit)-GOOEY003	Siggatunez | GOOEY	4 months ago	0	0	Like	0
Siggatunez - True Love (Feat. Vany T Fair) [Dub] - FUDIS035	Siggatunez | GOOEY	5 months ago	0	0	Like	0
Stronger	Shit Hot Soundsystem	18 days ago	323 plays	1 comment	25	5
Try 2 Take It Higher	Shit Hot Soundsystem	1 year ago	5,498 plays	9 comments	255	42
Be With You	Shit Hot Soundsystem	2 years ago	1,815 plays	2 comments	87	15
Nearly Lost My Mind (Free Download)	Shit Hot Soundsystem	2 years ago	5,649 plays	7 comments	202	35
Stridin'	Shit Hot Soundsystem	3 years ago	2,873 plays	3 comments	87	15
I'm Still Around	Shit Hot Soundsystem	3 years ago	3,168 plays	1 comment	69	15
Whats Love (Got 2 Do)	Shit Hot Soundsystem	3 years ago	5,218 plays	2 comments	178	17
Lettum In (Original Mix)	Shit Hot Soundsystem	3 years ago	10,557 plays	4 comments	305	34
I Love Music (Shit Hot Soundsystem Rework)	Shit Hot Soundsystem	3 years ago	26,038 plays	11 comments	672	69
Shit Goes To Minneapolis	Shit Hot Soundsystem	3 years ago	6,480 plays	19 comments	291	51
PREMIERE: Frank Virgilio - What's In My Mind [Daje Funk Records]	Turned On	1 day ago	117 plays	117 plays	17	3
#383: Lis Sarroca, Agn√®s, T.U.R.F. & Sondrio, Ground Plane Aerial	Turned On	4 days ago	342 plays	17 comments	25	7
#382: Greymatter, Manuel Darquart, Sound Support, Windows	Turned On	11 days ago	408 plays	6 comments	33	4
#381: Bonobo, Kassian, Wayward, Fasme, Milton Jackson	Turned On	18 days ago	509 plays	6 comments	28	7
#380: Portable, Benjamin Fr√∂hlich, Ponty Mython, Reggie Dokes, Devante Embers	Turned On	25 days ago	516 plays	4 comments	22	5
PREMIERE: Alfred - Light Phase [Studio Totem]	Turned On	29 days ago	341 plays	1 comment	22	4
#379: Space Ghost, Lewis Boardman, Tommy Vicari Jnr., Kid Fonque, KVRVBO	Turned On	1 month ago	651 plays	12 comments	28	12
PREMIERE: Thrilogy - Fervour Of Devotion [Fate And Fiction Recordings]	Turned On	1 month ago	309 plays	1 comment	9	4
#378: Dusky, Atjazz, Art Of Tones, Dave Aju, Footshooter	Turned On	1 month ago	586 plays	13 comments	45	8
PREMIERE: Dikkens - The List Master [Boogie Cafe Records]	Turned On	1 month ago	430 plays	1 comment	18	5
KVRVBO Feat. Bongani Mehlomakhulu - In The Jungle (Ben Gomori's Rinseout & Repeat Remix)	Ben Gomori	21 days ago	404 plays	404 plays	16	7
The Edit @ Pikes Ibiza - Sat 11 Sept 2021	Ben Gomori	1 month ago	757 plays	1 comment	66	5
Prince - Forever In My Life (Ben Gomori's Forever In My Live Edit) [FREE DOWNLOAD]	Ben Gomori	2 months ago	499 plays	5 comments	28	6
Franco Bracardi - SE Penso A Te 1985 (Talking Edits Issue #2 Rework )	Blaxxsoul J.	5 years ago	772 plays	3 comments	18	1
PINO DANIELE - O' SCARRAFONE (SLOW CITY DISKO REWORK)	Blaxxsoul J.	6 years ago	2,513 plays	11 comments	59	4
Blaxxsoul - Average Disco (The AWB Tribute)	Blaxxsoul J.	7 years ago	275 plays	1 comment	11	1
BLAXXSOUL - FUNKYSTAR (WHEN I THINK OF U) HALDO'S DEEPHEAVEN MIX	Blaxxsoul J.	7 years ago	233 plays	1 comment	7	1
BLAXXSOUL - FEEL IN LOVE - ORIGINAL MAIN MIX	Blaxxsoul J.	9 years ago	1,843 plays	13 comments	50	7
\\\ DJ BEPPE SPANU IN DEEP SPACE‚Ñ¢ // MUSIC REVOLUTION - VOL 01.\\\	Blaxxsoul J.	9 years ago	650 plays	6 comments	17	3
BEPPE SPANU LIVE @ BLUES CAFE' PORTO CERVO 10-06-2011,DEEPTECHNOLOGY UPFRONT*****	Blaxxsoul J.	10 years ago	1,008 plays	9 comments	18	5
BEPPE'S LOST IN MUSIC-NU DISCO & RETROGROOVE EPISODE IN 114 BPM	Blaxxsoul J.	11 years ago	1,169 plays	11 comments	24	2
CHRISTHMAS GROOVES @ CAFFE' ROMA SASSARI# BY BLAXXSOUL	Blaxxsoul J.	12 years ago	526 plays	2 comments	3	0
Rehab Sessions with Sarah Violet on Select Radio 17.07.21	SarahViolet_DJ	3 months ago	27 plays	2 comments	3	1
Dubby Disco Boyz / Your Love_Sample Edit	Dubby Disco Boyz	8 days ago	17 plays	1 comment	1	0
Dubby Disco Boyz/Change Our Paradise_Sample Edit	Dubby Disco Boyz	1 month ago	124 plays	124 plays	4	0
Dubby Disco Boyz/Don‚Äôt Forget_Sample Edit	Dubby Disco Boyz	1 month ago	106 plays	106 plays	2	0
Dubby Disco Boyz/My First Boogie(Daisuke Miyamoto Remix)_Sample Edit	Dubby Disco Boyz	1 month ago	24 plays	24 plays	3	1
Dubby Disco Boyz/Soulful Machines(Daisuke Miyamoto Remix)	Dubby Disco Boyz	1 month ago	22 plays	22 plays	1	0
Dubby Disco Boyz/My First Boogie(Original Mix)	Dubby Disco Boyz	1 month ago	13 plays	13 plays	1	0
Dubby Disco Boyz/Higher And Higher(Original Mix)	Dubby Disco Boyz	1 month ago	16 plays	16 plays	2	0
Dubby Disco Boyz/Shift Up Your Gear(Original Mix)	Dubby Disco Boyz	1 month ago	7 plays	7 plays	2	0
Dubby Disco Boyz /Soulful Machines(Original Mix)	Dubby Disco Boyz	1 month ago	9 plays	9 plays	1	0
Dubby Disco Boyz/Galaxy Wars(Original Mix)	Dubby Disco Boyz	1 month ago	9 plays	9 plays	3	0
Bruno Mars, Anderson .Paak, Silk Sonic - Skate (T-Groove ‚ÄùRoller Disco‚Äù Remix)	YUKI ''T-GROOVE'' TAKAHASHI	2 months ago	716 plays	25 comments	41	10
T-Groove feat. Ania Garvey - Let's Feel Good (Original Mix / Initial Talk Remix)	YUKI ''T-GROOVE'' TAKAHASHI	3 years ago	1,794 plays	7 comments	59	12
T-Groove & Two Jazz Project feat. Enois Scroggins - Funky Show Time	YUKI ''T-GROOVE'' TAKAHASHI	3 years ago	2,237 plays	2 comments	42	6
T-Groove & Two Jazz Project feat. Paula Letang- Bring It Back Around	YUKI ''T-GROOVE'' TAKAHASHI	3 years ago	1,465 plays	1 comment	37	6
T-Groove Feat. The Precious Lo's - Roller Skate	YUKI ''T-GROOVE'' TAKAHASHI	4 years ago	1,894 plays	12 comments	54	10
T-Groove feat. B. Thompson - Move Your Body	YUKI ''T-GROOVE'' TAKAHASHI	4 years ago	1,541 plays	2 comments	35	8
T-Groove feat. Saucy Lady - Spring Fever	YUKI ''T-GROOVE'' TAKAHASHI	4 years ago	1,690 plays	9 comments	64	13
Red Rocks DJ Set 2021	Tycho	25 days ago	29,648 plays	105 comments	2,768	293
Only Love	Tycho	3 months ago	17,266 plays	25 comments	612	96
No Stress (Com Truise Remix) [feat. Saint Sinner]	Tycho	10 months ago	25,106 plays	12 comments	488	51
Weather (Nitemoves Remix)	Tycho	10 months ago	22,838 plays	15 comments	557	65
Into The Woods (Christopher Willits Remix)	Tycho	11 months ago	40,140 plays	24 comments	580	54
For How Long (Harvey Sutherland Remix) [feat. Saint Sinner]	Tycho	11 months ago	31,807 plays	18 comments	744	87
Easy (Mild Minds Remix)	Tycho	11 months ago	26,234 plays	34 comments	724	86
Japan (Satin Jackets Remix) [feat. Saint Sinner]	Tycho	11 months ago	53,045 plays	28 comments	1,345	187
Run Away	Tycho	1 year ago	28,613 plays	19 comments	669	84
Run Away (Acoustic)	Tycho	1 year ago	11,197 plays	4 comments	166	15
WORK THAT $HIT (feat. mediopicky)	S√°ngo	2 months ago	9,592 plays	5 comments	449	68
Hit You When I Land	S√°ngo	3 months ago	8,939 plays	2 comments	223	13
Caesars Palace	S√°ngo	3 months ago	3,316 plays	3 comments	74	7
Midwest Kids (feat. Jay2)	S√°ngo	3 months ago	3,257 plays	3,257 plays	126	10
Slow Burn (feat. Savon)	S√°ngo	3 months ago	3,433 plays	3 comments	55	4
Alger Heights	S√°ngo	3 months ago	6,472 plays	2 comments	231	24
Carhartt	S√°ngo	3 months ago	2,166 plays	2 comments	58	7
Reeds Lake (feat. Willie The Kid)	S√°ngo	3 months ago	2,434 plays	1 comment	61	2
No Distractions	S√°ngo	3 months ago	2,506 plays	3 comments	70	3
Made Me (feat. The SEVENth & Joose The Conqueror)	S√°ngo	3 months ago	2,173 plays	1 comment	54	5
SUPERSTAR MOVES (Carmack Remix) - KAMI & SMOKO ONO	MR‚Ä¢CAR/\\ACK	8 months ago	56,572 plays	120 comments	2,966	343
MR. CARMACK MIX 4 TWENTYTWENTY.GLOBAL [IVY LAB]	MR‚Ä¢CAR/\\ACK	1 year ago	71,582 plays	232 comments	4,087	477
LUCID DREEMZ ft. SHASHU [MADE ON TWITCH.TV/MRCARMACK]	MR‚Ä¢CAR/\\ACK	1 year ago	50,919 plays	55 comments	2,184	271
Mumbai, India - BOXOUT FM Mix - [IMMERSION TOUR]	MR‚Ä¢CAR/\\ACK	1 year ago	44,701 plays	157 comments	2,216	282
Okay!	MR‚Ä¢CAR/\\ACK	1 year ago	33,992 plays	24 comments	1,069	95
Catharsis ft. Drew Banga	MR‚Ä¢CAR/\\ACK	1 year ago	22,399 plays	33 comments	648	77
Reciprocity	MR‚Ä¢CAR/\\ACK	1 year ago	21,783 plays	25 comments	678	76
Wet Dream ft. Connor Pearson	MR‚Ä¢CAR/\\ACK	1 year ago	17,154 plays	16 comments	385	52
Stairwell of my High School (Interlude)	MR‚Ä¢CAR/\\ACK	1 year ago	14,161 plays	9 comments	245	28
All In ft. Kehlani	MR‚Ä¢CAR/\\ACK	1 year ago	25,360 plays	22 comments	882	111
Trai Tim Khong Ngu Yen ( ft Vu Thao My )	Soobin.ss	5 years ago	613,171 plays	119 comments	5,889	831
TEASER 2015-2016	Soobin.ss	6 years ago	30,627 plays	22 comments	286	29
Di Qua Qua Khu - Instrumental	Soobin.ss	6 years ago	58,635 plays	10 comments	365	49
ƒê·ª´ng R·ª´ng L·∫°i Nh√©.	Soobin.ss	7 years ago	60,536 plays	25 comments	536	89
Don't Touch Me Again - Teaser	Soobin.ss	7 years ago	42,354 plays	45 comments	344	59
Don't Touch Me Again	Soobin.ss	7 years ago	44,356 plays	39 comments	392	80
Kho·∫£ng L·∫∑ng - Soobin	Soobin.ss	7 years ago	88,604 plays	56 comments	939	156
ƒêi Qua Qu√° Kh·ª© - Soobin ft. TinyC - Teaser	Soobin.ss	7 years ago	39,343 plays	29 comments	298	51
C√¢u Chuy·ªán Nh·ªè - Soobin	Soobin.ss	7 years ago	198,836 plays	67 comments	1,900	343
Kimmese X Triple D - Tri·ªáu Ng·ªçn L·ª≠a M·ªôt Kh√°t V·ªçng	Kimmese	5 months ago	3,376 plays	7 comments	51	5
Kimmese - Ngoi Nha Xanh Official Audio	Kimmese	2 years ago	128,701 plays	8 comments	606	34
Kimmese - YSW Official Audio +Lyric	Kimmese	3 years ago	33,236 plays	18 comments	388	32
ITSABET (REMIX CONTEST - JUSTIN TECHN9)	Kimmese	4 years ago	16,545 plays	9 comments	203	35
ISABET (REMIX CONTEST - PHAN HOANG MINH a.ka W n C)	Kimmese	4 years ago	10,482 plays	2 comments	87	9
ISABET - (REMIX CONTEST - D.Baola X Lupin)	Kimmese	4 years ago	61,683 plays	20 comments	516	131
ITSABET (REMIX CONTEST - FUNNYBAT)	Kimmese	4 years ago	21,573 plays	35 comments	387	128
ITSABET (REMIX CONTEST - Max Benderz)	Kimmese	4 years ago	97,468 plays	61 comments	1,148	289
ITSABET ft Andree Right Hand	Kimmese	4 years ago	503,387 plays	26 comments	3,888	343
The very first of Loving You Demo a.ka. Kim Sieu Quan 2	Kimmese	4 years ago	118,960 plays	6 comments	950	91
(Th∆° ti·∫øng B·ªìi) My Dear	Suboi	4 years ago	18,904 plays	4 comments	190	20
1. RUN	Suboi	4 years ago	25,478 plays	4 comments	177	17
2. NGUOI TA HIEU (THEY UNDERSTAND)	Suboi	4 years ago	50,962 plays	8 comments	665	52
3. SAIGON	Suboi	4 years ago	16,192 plays	1 comment	161	18
4. NOI VOI EM (TALK TO ME)	Suboi	4 years ago	21,073 plays	1 comment	194	20
5. COME BACK DOWN	Suboi	4 years ago	11,043 plays	1 comment	69	1
6. THIEN DUONG BIET (HEAVEN KNOWS)	Suboi	4 years ago	9,832 plays	9,832 plays	79	6
7. LOI THINH CAU (PRAY)	Suboi	4 years ago	15,757 plays	2 comments	182	17
L·∫Øm M·ªìm (New Track 2016)	Suboi	5 years ago	55,640 plays	12 comments	879	74
ƒê·ªùi (2016)	Suboi	5 years ago	153,854 plays	31 comments	2,463	229
1 Like X Itsabest (TEDDY INTRO 2018)	909Team	1 year ago	1,141 plays	2 comments	28	4
SS CHALLENGE	K√òDEINE üáªüá≥	1 month ago	638 plays	1 comment	15	2
TGSN Feat. Tlinh & RZ Mas - Siren (K√òDEINE Remix)	K√òDEINE üáªüá≥	3 months ago	15,645 plays	2 comments	141	5
SOOBIN - TH√ÅNG NƒÇM (K√òDEINE & CHARIOT REMIX)	K√òDEINE üáªüá≥	3 months ago	17,892 plays	11 comments	358	40
MOODY (Prod. by K√òDEINE)	K√òDEINE üáªüá≥	4 months ago	2,578 plays	6 comments	68	6
Tchami & Habstrakt - Eternity (feat. Lena Leon)	Tchami	21 days ago	38,473 plays	47 comments	2,658	355
A Note From Tchami	Tchami	2 months ago	26,058 plays	76 comments	346	26
Buenos Aires (Mercer Remix)	Tchami	3 months ago	22,508 plays	10 comments	911	102
Damaged Hearts (feat. Todd Edwards) [Hotel Garuda Remix]	Tchami	4 months ago	21,213 plays	6 comments	763	81
Ghosts (feat. Hana) [Vowed Remix]	Tchami	4 months ago	18,066 plays	18 comments	1,253	272
Ain't That Kind Of Friend (DJ Q Remix)	Tchami	4 months ago	12,007 plays	10 comments	495	51
Born Again (Barilan Remix)	Tchami	4 months ago	7,753 plays	4 comments	206	28
Rebirth (feat. Stacy Barthe) [Tom Budin Remix]	Tchami	4 months ago	12,338 plays	14 comments	482	60
Monseigneur (feat. Tony Romera) [Jace Mek Remix]	Tchami	4 months ago	8,392 plays	6 comments	298	41
Sweet Savage (feat. Ant Clemons) [Movenchy x Tchami Remix]	Tchami	4 months ago	9,606 plays	15 comments	363	48
DOJA CAT - YOU RIGHT (RICKY REMEDY EDIT)	Remedy	11 hours ago	408 plays	2 comments	55	6
Ricky Remedy - Boss Up	Remedy	1 year ago	28,199 plays	46 comments	1,652	208
Ricky Remedy - Another Dimension	Remedy	1 year ago	38,379 plays	96 comments	2,247	314
Yogi & Skrillex - Burial (Ricky Remedy Bootleg)	Remedy	1 year ago	50,302 plays	59 comments	2,671	295
Rockstar (feat. Pe$o & Stoop Lauren)	Remedy	1 year ago	14,196 plays	5 comments	388	54
THE REMEDY MIX 2K19	Remedy	1 year ago	90,026 plays	293 comments	4,431	781
Ricky Remedy - Sometimes (feat. TITUS)	Remedy	2 years ago	23,449 plays	14 comments	779	133
Vancouver	LOGE21	1 year ago	8,079 plays	11 comments	287	33
Undrgrnd	LOGE21	1 year ago	9,187 plays	10 comments	415	31
Trying So Hard	LOGE21	1 year ago	9,210 plays	10 comments	418	43
Oddities	LOGE21	1 year ago	12,796 plays	18 comments	651	61
Be There	LOGE21	1 year ago	11,144 plays	9 comments	588	47
Phatboyz	LOGE21	1 year ago	7,681 plays	10 comments	304	29
Illicit	LOGE21	1 year ago	26,990 plays	15 comments	1,212	114
Don't Be Scared	LOGE21	1 year ago	7,832 plays	14 comments	257	29
LOGE21 @ BRODERSKAB & FRIENDS LIVE 2020	LOGE21	1 year ago	6,363 plays	15 comments	318	27
My Things	LOGE21	1 year ago	11,553 plays	17 comments	399	60
Th·ª©c Gi·∫•c - Da LAB ( KZann Remix )	KZann	3 months ago	907 plays	23 comments	47	8
The Kid LAROI, Justin Bieber - Stay ( KZann Remix )	KZann	3 months ago	1,475 plays	24 comments	68	10
Ellis - Orbit ( KZann Remix )	KZann	3 months ago	761 plays	16 comments	38	6
JUMP - SMO X LILWUYN ( REMIX )	KZann	4 months ago	275 plays	6 comments	19	3
C u t e M o m e n t	KZann	6 months ago	176 plays	4 comments	14	2
Last Christmas	KZann	10 months ago	1,343 plays	12 comments	74	17
ùñíùñû-ùñçùñäùñÜùñóùñô-ùñéùñò-ùñàùñóùñûùñéùñìùñå üí´üí§	KZann	10 months ago	93 plays	1 comment	9	0
DEUS - T·ªÜ QU√Å ƒêI TH√îI ( KZann Remix )	KZann	11 months ago	4,338 plays	23 comments	98	6
Haohinh & Judian - N∆°i Ch·ªâ C√≤n Ta ( REMIX )	KZann	1 year ago	1,083 plays	14 comments	26	3
C Y P E R P U N K - M I D _ T E M P 0 - 2 O 2 O ( DEMO )	KZann	1 year ago	753 plays	4 comments	21	3
Halloween X (Live at the Hollywood Palladium)	RL Grime	2 hours ago	8,868 plays	155 comments	3,223	472
RL Grime & Baauer - Fallaway	RL Grime	3 months ago	93,462 plays	111 comments	3,640	463
RL Grime & ISOxo - Stinger	RL Grime	7 months ago	164,732 plays	247 comments	8,289	1,198
Halloween IX	RL Grime	1 year ago	1,122,786 plays	2,914 comments	51.4K	6,124
RL Grime & Juelz - Formula	RL Grime	1 year ago	2,302,933 plays	724 comments	37.6K	4,451
Halloween VIII	RL Grime	2 years ago	1,838,498 plays	3,393 comments	71.5K	9,730
G Jones - In Your Head (RL Grime Edit)	RL Grime	2 years ago	850,971 plays	356 comments	28.2K	3,461
Atoms (Instrumental)	RL Grime	2 years ago	43,814 plays	17 comments	650	73
I Wanna Know (Instrumental)	RL Grime	2 years ago	41,889 plays	17 comments	983	108
OMG (Instrumental)	RL Grime	2 years ago	34,121 plays	8 comments	645	74
Zombie	LYNY	1 day ago	2,465 plays	62 comments	476	92
Kill Count	LYNY	2 months ago	18,750 plays	128 comments	1,636	218
IDGAF	Coka Cobra	4 days ago	1,731 plays	4 comments	188	44
Dumb Drip	Coka Cobra	1 month ago	5,503 plays	6 comments	429	81
Grah Tah Tah	Coka Cobra	2 months ago	7,126 plays	14 comments	467	114
Coka Cobra & Walschlager - Turn It Up	Coka Cobra	2 months ago	7,852 plays	10 comments	463	97
Condo In Miami	Coka Cobra	3 months ago	10,808 plays	52 comments	451	64
How You Feel ?? (Cobra Flip)	Coka Cobra	5 months ago	26,777 plays	30 comments	1,163	144
FYB	Coka Cobra	7 months ago	11,334 plays	19 comments	585	142
Gang Signs (Cobra Flip)	Coka Cobra	7 months ago	18,325 plays	25 comments	836	165
Back in Blood (Cobra Flip)	Coka Cobra	7 months ago	11,465 plays	10 comments	443	93
FROM DEATH ECHO (Live)	TheRealMikeDean	1 month ago	519 plays	5 comments	19	1
MPRESS, Pt. 1 (Live)	TheRealMikeDean	1 month ago	329 plays	1 comment	17	3
MORE ECHOS (Live)	TheRealMikeDean	1 month ago	173 plays	2 comments	8	0
CIRCLING ECHOS (Live)	TheRealMikeDean	1 month ago	132 plays	1 comment	6	1
CHALLENGER ECHO (Live)	TheRealMikeDean	1 month ago	216 plays	1 comment	13	0
THE EIGHTH NIGHT ECHO (Live)	TheRealMikeDean	1 month ago	125 plays	1 comment	6	1
MPRESS, Pt. 2 (Live)	TheRealMikeDean	1 month ago	142 plays	1 comment	11	1
CHALLENGER ECHO, Pt. 2 (Live)	TheRealMikeDean	1 month ago	176 plays	1 comment	10	1
THE NINTH DAY ECHO (Live)	TheRealMikeDean	1 month ago	93 plays	1 comment	7	1
THE BEGINNING ECHO (Live)	TheRealMikeDean	1 month ago	208 plays	1 comment	12	0
THE QUIX FIX - TELLAH Guest Mix	TELLAH	11 months ago	5,981 plays	19 comments	329	24
TELLAH Edit Pack 003	TELLAH	1 year ago	9,825 plays	709 comments	998	477
TELLAH Edit Pack 002	TELLAH	1 year ago	12,250 plays	706 comments	1,026	475
Formula (TELLAH We Found Love Vocal Edit)	TELLAH	1 year ago	16,379 plays	17 comments	698	54
TELLAH Edit Pack 001	TELLAH	2 years ago	11,590 plays	942 comments	1,177	602
Loyal X Ghost Voices X Spring (TELLAH Edit)	TELLAH	2 years ago	2,150 plays	4 comments	99	10
No Bystanders x Painting In Paris (TELLAH Edit)	TELLAH	2 years ago	4,114 plays	3 comments	180	9
My Eyes	The Caracal Project	24 days ago	13,681 plays	45 comments	937	122
Te Vi Caer (Ft. Maria Lea)	The Caracal Project	1 month ago	23,545 plays	102 comments	1,370	195
The Caracal Project & Skylark - Time	The Caracal Project	4 months ago	12,481 plays	30 comments	636	62
The Caracal Project & Skylark - Run	The Caracal Project	5 months ago	25,216 plays	84 comments	1,656	179
New Lesson (w/ Leotrix) [OUT NOW]	The Caracal Project	8 months ago	31,610 plays	106 comments	1,858	229
Sure [PATREON]	The Caracal Project	9 months ago	13,844 plays	80 comments	943	84
Kanye West - Fade (The Caracal Project Bootleg) [FREE DOWNLOAD]	The Caracal Project	9 months ago	48,430 plays	80 comments	3,449	530
Modern Intimate Session 2 ‚Ä¢ [Your EDM Guest Mix]	The Caracal Project	11 months ago	4,690 plays	32 comments	206	21
Modern Intimate Session 1 ‚Ä¢ [Kiss FM Guest Mix]	The Caracal Project	1 year ago	4,486 plays	27 comments	201	26
Modern Intimate Pt. II	The Caracal Project	1 year ago	16,255 plays	45 comments	808	107
Modern Intimate Pt. I	The Caracal Project	1 year ago	13,448 plays	58 comments	696	69
This World Stopped [MISSION01]	The Caracal Project	1 year ago	28,066 plays	96 comments	1,627	187
Throwing Plates [PATREON]	The Caracal Project	1 year ago	8,948 plays	20 comments	454	30
Joi (w/ Skylark) [PATREON]	The Caracal Project	1 year ago	9,775 plays	28 comments	487	56
Flume - Rushing Back (ft. Vera Blue)(The Caracal Project Remix)	The Caracal Project	1 year ago	59,605 plays	92 comments	3,355	808
Bogy	The Caracal Project	2 years ago	0	0	Like	0
Analog Intro W Mike Gao	Forward Thinkers Group	2 years ago	20,471 plays	8 comments	275	21
MR. CARMACK EDC LV 2017 RAW	Forward Thinkers Group	4 years ago	66,517 plays	177 comments	3,375	583
Ugh	Forward Thinkers Group	5 years ago	47,579 plays	15 comments	1,135	139
till its over	Forward Thinkers Group	5 years ago	47,226 plays	9 comments	657	104
100 degrees	Forward Thinkers Group	5 years ago	47,568 plays	22 comments	755	116
free baby	Forward Thinkers Group	5 years ago	54,069 plays	16 comments	1,261	212
throw your chains off	Forward Thinkers Group	5 years ago	51,007 plays	18 comments	1,129	149
triassic	Forward Thinkers Group	5 years ago	30,686 plays	8 comments	671	90
intrep	Forward Thinkers Group	5 years ago	44,520 plays	24 comments	1,213	184
get the fuck out my face	Forward Thinkers Group	5 years ago	35,619 plays	9 comments	707	90
frosttop & Lemay - Momenta	frosttop	29 days ago	21,933 plays	52 comments	1,417	207
frosttop - Cobalt	frosttop	4 months ago	35,655 plays	166 comments	2,570	684
"FROSTTOP ""LIGHT_SPEED"" SET (LIVE AT CINCO MODE 2021)"	frosttop	5 months ago	15,074 plays	60 comments	834	99
frosttop - Dream State [Gud Vibrations]	frosttop	9 months ago	70,874 plays	104 comments	3,166	372
cry me	bsterthegawd	1 month ago	25,136 plays	145 comments	1,221	203
tr1gger	bsterthegawd	2 months ago	45,787 plays	232 comments	2,047	311
4evr w/ pandi	bsterthegawd	3 months ago	46,339 plays	182 comments	1,876	258
2late	bsterthegawd	4 months ago	52,842 plays	217 comments	1,876	300
beatbox w/ qioh & legend	bsterthegawd	4 months ago	0	0	Like	0
maldonne	bsterthegawd	5 months ago	56,771 plays	219 comments	2,140	325
riot_	bsterthegawd	6 months ago	64,055 plays	254 comments	2,227	317
storm.4am	bsterthegawd	7 months ago	59,908 plays	207 comments	2,211	310
1up w/ olswel	bsterthegawd	7 months ago	62,883 plays	211 comments	2,282	339
mt fuji	bsterthegawd	8 months ago	91,552 plays	215 comments	3,008	422
FunkmasterFlex Ft. Ivory - Relax & Party (MAD REYEDIT)	MAD REY	15 days ago	753 plays	8 comments	72	6
IMANU & HYPRESSION - Buried	IMANU	1 month ago	66,166 plays	162 comments	4,439	634
Machinedrum, Tanerelle & Mono/Poly - Star (IMANU Remix) [FREE DOWNLOAD]	IMANU	3 months ago	82,004 plays	267 comments	5,161	1,161
Joy	salute	1 month ago	5,470 plays	7 comments	286	25
Claudia Telles - And I Love Her (salute Edit)	salute	4 months ago	6,847 plays	6 comments	287	15
SZA - Good Days (salute Edit)	salute	4 months ago	11,201 plays	5 comments	543	28
Frank Ocean - White Ferrari (salute Edit)	salute	4 months ago	31,707 plays	45 comments	1,734	103
Erykah Badu / Cajmere - Didn't Cha Know x Percolator (salute Edit)	salute	4 months ago	4,509 plays	10 comments	195	7
T2 - Heartbroken (feat. Jodie) (salute Edit)	salute	4 months ago	10,547 plays	17 comments	602	22
'Ultimate Joy' Minimix For BBC Radio 1	salute	4 months ago	1,157 plays	5 comments	111	6
DJ Q & Hans Glader - Thief In The Night (salute Remix)	salute	5 months ago	8,857 plays	13 comments	463	49
Simula - Lazy Horn	Simula	4 months ago	9,898 plays	21 comments	646	62
Emerald	Mo Harper	2 months ago	189 plays	2 comments	23	4
tears	Mo Harper	5 months ago	113 plays	2 comments	9	0
Foundation	Mo Harper	8 months ago	84 plays	2 comments	7	1
Under The Surface	Mo Harper	8 months ago	815 plays	10 comments	18	1
Earned It [Mo Harper Flip]	Mo Harper	8 months ago	3,254 plays	5 comments	279	151
Nothing New, Always Dark	Mo Harper	1 year ago	43 plays	3 comments	6	0
Imogen	Mo Harper	1 year ago	298 plays	4 comments	6	0
motoko kusanagi	Mo Harper	1 year ago	254 plays	3 comments	4	0
Can't Believe	Mo Harper	1 year ago	135 plays	5 comments	4	0
Breaking The Surface	Mo Harper	1 year ago	80 plays	80 plays	2	1
Polarized - Your Eyes [Refraction Vol. 001]	Transparent Audio	1 day ago	113 plays	3 comments	22	6
Koax - Solarity (feat. Grafta MC) [Refraction Vol. 001]	Transparent Audio	8 days ago	760 plays	15 comments	104	19
Felov - Vondel [Refraction Vol. 001]	Transparent Audio	9 days ago	412 plays	5 comments	59	14
Geostatic - Perception [Refraction Vol. 001]	Transparent Audio	10 days ago	2,223 plays	29 comments	234	41
switch/case - Would Love To Dance [Refraction Vol. 001]	Transparent Audio	15 days ago	343 plays	13 comments	52	12
Yannons - Taken Away [Refraction Vol. 001]	Transparent Audio	16 days ago	716 plays	6 comments	90	17
Escape Entry (clip)	Subreachers	1 month ago	96 plays	2 comments	12	0
Distant Visions / Different Plan	Subreachers	1 month ago	154 plays	2 comments	15	1
Paradise Junction - MEDITATOR030	Subreachers	2 months ago	264 plays	3 comments	22	3
History of Jungle mix 2021	Subreachers	3 months ago	265 plays	3 comments	27	3
Cosmic Sea WIP	Subreachers	3 months ago	374 plays	2 comments	25	2
OaT - What We Could Be	OaT	1 year ago	3,536 plays	15 comments	145	13
OaT - Breath	OaT	1 year ago	1,498 plays	5 comments	73	8
Sandstorm	OaT	1 year ago	144 plays	144 plays	7	0
What We Could Be	OaT	1 year ago	51 plays	1 comment	1	0
Tounge Tied	lottiejonesmusic	2 years ago	115 plays	115 plays	Like	0
Like old times, we harmonise.	lottiejonesmusic	2 years ago	16 plays	16 plays	2	0
Smoke up	lottiejonesmusic	2 years ago	25 plays	25 plays	1	0
Whispers	lottiejonesmusic	3 years ago	39 plays	39 plays	1	0
Solivagant	lottiejonesmusic	3 years ago	5 plays	5 plays	Like	0
Baby Blue	lottiejonesmusic	3 years ago	4 plays	4 plays	Like	0
Ferice - Warning Sign	Ferice	1 month ago	54 plays	3 comments	6	2
Ferice - Between Us	Ferice	1 month ago	48 plays	48 plays	7	3
Ferice & HEFT - Budapest	Ferice	2 months ago	25 plays	3 comments	2	0
Ferice & HEFT - I'm Gonna	Ferice	2 months ago	28 plays	1 comment	2	0
Ferice & HEFT- Hide Yourself	Ferice	2 months ago	22 plays	22 plays	3	2
Ferice & HEFT - Every Time	Ferice	2 months ago	16 plays	16 plays	1	0
Suspekt - Dichotomy Of Control [Free Download]	SUSPEKT	1 year ago	532 plays	21 comments	41	12
Suspekt - Specious (Clip)	SUSPEKT	2 years ago	379 plays	3 comments	24	4
Liquid Project 002 - 50k Plays Mix	SUSPEKT	2 years ago	478 plays	6 comments	37	8
Liquid Project 001	SUSPEKT	2 years ago	1,591 plays	12 comments	85	15
24 Kitchen St Presents: Serial Killaz - Suspekt Promo Mix	SUSPEKT	3 years ago	2,664 plays	12 comments	96	13
Suspekt's Essentials - S.P.Y, Serum, Dawn Wall	SUSPEKT	3 years ago	54,260 plays	30 comments	1,805	159
Ferice - Between Us	Instinct Recordings	2 months ago	371 plays	5 comments	42	8
Ferice - Get On With It [Free Download]	Instinct Recordings	2 months ago	2,382 plays	13 comments	158	30
HEFT - Tender Night (Original Mix)	Instinct Recordings	9 months ago	494 plays	2 comments	23	3
Gramatik Vs. Childish Gambino - 39.28 Flip	Gramatik	2 months ago	9,356 plays	6 comments	464	92
Gramatik & Luxas - Roma Invicta	Gramatik	1 year ago	14,516 plays	10 comments	174	14
Gramatik & Luxas - Memorie	Gramatik	1 year ago	10,341 plays	10,341 plays	98	12
Gramatik & Luxas - Bones	Gramatik	1 year ago	7,121 plays	1 comment	46	8
Gramatik & Luxas - Vatra	Gramatik	1 year ago	3,514 plays	3,514 plays	37	7
Gramatik & Luxas - Slika	Gramatik	1 year ago	3,283 plays	1 comment	43	5
Gramatik & Luxas - Rosa	Gramatik	1 year ago	3,132 plays	3,132 plays	40	5
Gramatik & Luxas - Praying Mantis	Gramatik	1 year ago	3,338 plays	4 comments	53	12
Gramatik & Luxas - Leptir	Gramatik	1 year ago	2,748 plays	2,748 plays	31	8
Gramatik & Luxas - Arapdox	Gramatik	1 year ago	2,874 plays	2,874 plays	34	10
Electric Spank - McStratton	Electric Spank	2 years ago	312 plays	312 plays	8	0
We Are Your Friends (Live)	Electric Spank	4 years ago	227 plays	227 plays	Like	0
All This Love	Electric Spank	6 years ago	631 plays	1 comment	6	0
Sandpit	Electric Spank	6 years ago	677 plays	1 comment	9	0
Something To Keep You Moving	Electric Spank	6 years ago	561 plays	561 plays	6	0
Hot In The City	Electric Spank	6 years ago	951 plays	951 plays	9	0
Slippin	Electric Spank	6 years ago	859 plays	859 plays	8	1
Electric Spank Preview Mixer	Electric Spank	6 years ago	652 plays	3 comments	6	0
Don Johnston & Electric Spank - Don't Think	Don Johnston Live	3 years ago	456 plays	456 plays	7	1
Don Johnston & Electric Spank - If I Can't Have You	Don Johnston Live	3 years ago	731 plays	731 plays	35	8
Don Johnston & Captain Flatcap - Rising Ft. Mazrah.	Don Johnston Live	3 years ago	300 plays	2 comments	13	1
Don Johnston & Pattern Pusher - Rhythm Stops	Don Johnston Live	3 years ago	1,951 plays	4 comments	44	2
Don Johnston & Chris Watts - Devious	Don Johnston Live	3 years ago	296 plays	296 plays	7	1
Don Johnston & Dill Master Fresh - Third Time Lucky	Don Johnston Live	3 years ago	395 plays	395 plays	11	1
Ark!Tek Lemtek Mix 2021	LEMTEK	5 months ago	708 plays	708 plays	54	5
Lemtek Says Zest Is Best 04 - July - 20 Stereo Nuttah on Threads Radio	LEMTEK	1 year ago	1,285 plays	17 comments	86	13
Lemtek Says Zest Is Best 04 - July - 20 Ark!Tek on Threads Radio	LEMTEK	1 year ago	268 plays	2 comments	23	4
Lemtek Says Zest Is Best 04 - July - 20 Slim Sinna on Threads Radio	LEMTEK	1 year ago	551 plays	6 comments	49	5
Lemtek Says Zest Is Best 04 - July - 20 Miki Taiki on Threads Radio	LEMTEK	1 year ago	283 plays	283 plays	26	4
Lemtek Says Zest Is Best 04 - July - 20 Jamin Nimjah on Threads Radio	LEMTEK	1 year ago	697 plays	4 comments	53	12
1 S - Loko - Spirithyoun	LEMTEK	1 year ago	869 plays	869 plays	16	2
2 S - Loko - Espirito Loko	LEMTEK	1 year ago	477 plays	477 plays	9	0
3 S - Loko - Sonido Mas Profundo	LEMTEK	1 year ago	344 plays	344 plays	8	2
4 S - Loko - Yoshi	LEMTEK	1 year ago	247 plays	247 plays	8	0
COZEE - Rebound	Cohen	4 years ago	1,584 plays	7 comments	54	6
walk of Promentoria	Cohen	5 years ago	645 plays	1 comment	29	3
COZEE - Contrast	Cohen	5 years ago	2,217 plays	6 comments	82	7
Talos & DeVille - All Life Long	Talos	2 months ago	1,480 plays	3 comments	80	11
Night Flight	Talos	5 months ago	166 plays	1 comment	9	2
Under The Moon	Talos	5 months ago	76 plays	3 comments	3	0
Bubble Intro	Talos	2 years ago	798 plays	1 comment	13	0
Wait For You feat. Gabriella Vixen & Coops	Talos	2 years ago	2,924 plays	2 comments	84	13
Deepest Blue (Instrumental)	Talos	2 years ago	1,231 plays	4 comments	38	0
Mamma feat. Jerome Thomas	Talos	2 years ago	1,893 plays	1,893 plays	42	6
Polychrome (Instrumental)	Talos	2 years ago	1,148 plays	1 comment	39	5
Mother Earth (Outro)	Talos	4 years ago	851 plays	851 plays	17	1
Peace	Talos	4 years ago	1,204 plays	1 comment	30	2
Sounds supreme 234 X DJ Mof!yah	Soundssupreme	1 year ago	323 plays	4 comments	13	2
DJ Krush @ Rote Sonne munich 2007 recorded by myself & Roland arnoldt for ASG on Samurai FM	Soundssupreme	3 years ago	2,206 plays	5 comments	65	6
Josiah PicaSoul x Mandy Malone Love (Prod. Jay Scarlett)	Soundssupreme	5 years ago	2,266 plays	5 comments	77	11
Lords of the beat dimensions	Soundssupreme	10 years ago	11,367 plays	57 comments	308	33
Lime	Ella Frank	2 years ago	4,676 plays	6 comments	156	16
Luna (feat. E ^ R T H)	Ella Frank	2 years ago	2,400 plays	2,400 plays	65	8
Mountains	Ella Frank	2 years ago	1,981 plays	8 comments	55	6
Able (feat. Seb Chedick)	Ella Frank	2 years ago	1,184 plays	1,184 plays	29	0
Seeds	Ella Frank	2 years ago	2,613 plays	3 comments	75	14
Kettle	Ella Frank	2 years ago	14,652 plays	17 comments	531	57
Blue Jay	Ella Frank	4 years ago	21,017 plays	22 comments	651	105
Sugar	Ella Frank	5 years ago	54,657 plays	36 comments	1,651	225
Homie Lover Best Friend	Ella Frank	7 years ago	184,587 plays	75 comments	4,963	975
Morning Bright	Errol	1 year ago	0	0	Like	0
Yagana	Soundway Records	2 days ago	429 plays	429 plays	6	0
Ritmo Fantas√≠a - Full Album Preview	Soundway Records	29 days ago	2,295 plays	6 comments	131	10
Eternal (Radio Edit)	Soundway Records	1 month ago	474 plays	474 plays	4	0
Svensson High Life	Soundway Records	1 month ago	639 plays	2 comments	17	3
Floating Points, Pharoah Sanders & The London Symphony Orchestra - Movement 1	Floating Points	7 months ago	5,839 plays	15 comments	126	10
Floating Points, Pharoah Sanders & The London Symphony Orchestra - Movement 3	Floating Points	7 months ago	3,111 plays	9 comments	40	3
Floating Points, Pharoah Sanders & The London Symphony Orchestra - Movement 8	Floating Points	7 months ago	2,005 plays	8 comments	40	1
Floating Points, Pharoah Sanders & The London Symphony Orchestra - Movement 9	Floating Points	7 months ago	1,707 plays	9 comments	28	0
Floating Points, Pharoah Sanders & The London Symphony Orchestra - Movement 6	Floating Points	7 months ago	4,401 plays	15 comments	125	14
Floating Points, Pharoah Sanders & The London Symphony Orchestra - Movement 5	Floating Points	7 months ago	2,282 plays	5 comments	36	0
Floating Points, Pharoah Sanders & The London Symphony Orchestra - Movement 4	Floating Points	7 months ago	2,365 plays	10 comments	33	0
Floating Points, Pharoah Sanders & The London Symphony Orchestra - Movement 2	Floating Points	7 months ago	3,333 plays	12 comments	45	1
Floating Points, Pharoah Sanders & The London Symphony Orchestra - Movement 7	Floating Points	7 months ago	2,080 plays	10 comments	55	0
Bias (Mayfield Depot Mix)	Floating Points	1 year ago	33,317 plays	24 comments	964	92
